Day,Date,Sales $,Plan $,Sales $ LY,MD $,MD $ LY,MD %,MD % LY,Ad Drop,Scratcher,Pay,Clrn,Coupon,Neg,Scratcher LY,Pay LY,Clrn LY,Coupon LY,Neg LY,Hit LY
Sun,1/31,"5,263","5,400","5,255",949,662,18.0%,12.6%,0,1,0,1,0,0,1,0,0,0,0,1
Mon,2/1,"4,490","4,800","4,815",458,514,10.2%,10.7%,0,0,1,0,0,0,0,0,0,0,1,0
Tue,2/2,"5,449","4,400","4,010",499,261,9.2%,6.5%,0,0,0,0,0,0,0,0,0,0,1,1
Wed,2/3,"4,218","4,200","4,759",308,238,7.3%,5.0%,1,0,0,0,0,0,0,0,0,0,0,0
Thu,2/4,"4,282","4,400","4,333",295,"3,196",6.9%,73.8%,0,0,0,0,0,0,1,0,0,0,0,0
Fri,2/5,"5,090","5,400","5,116",624,"2,611",12.3%,51.0%,0,0,0,0,0,1,0,1,0,0,0,0
Sat,2/6,"5,434","5,800","5,979",458,303,8.4%,5.1%,0,0,0,0,0,0,0,0,0,0,0,0
Sun,2/7,"3,755","4,400","4,425",280,211,7.5%,4.8%,0,0,0,0,0,0,1,0,0,0,0,0
Mon,2/8,"3,462","4,200","3,800","1,570","3,121",45.4%,82.1%,0,0,0,0,0,1,0,0,0,0,0,0
Tue,2/9,"3,839","4,200","4,167","1,302",750,33.9%,18.0%,0,0,0,0,0,0,0,0,0,0,0,0
Wed,2/10,"5,306","5,800","5,431","2,134",432,40.2%,8.0%,1,0,0,0,1,0,0,0,0,0,0,0
Thu,2/11,"5,784","5,800","5,850","2,039",447,35.3%,7.6%,0,0,0,0,0,0,0,0,0,0,0,0
Fri,2/12,"6,893","8,200","8,998",627,"1,280",9.1%,14.2%,0,0,1,0,1,0,0,1,1,0,0,0
Sat,2/13,"6,942","7,775","7,476",584,"1,010",8.4%,13.5%,0,0,0,0,0,1,0,0,0,0,0,0
Sun,2/14,"4,986","4,123","5,004",407,776,8.2%,15.5%,0,0,0,0,0,0,0,0,0,0,0,0
Mon,2/15,"3,865","4,234","4,192",599,798,15.5%,19.0%,0,0,0,0,0,0,0,0,0,0,0,0
Tue,2/16,"4,163","3,955","3,245",352,355,8.4%,10.9%,0,0,0,0,0,0,0,0,0,0,1,1
Wed,2/17,"4,273","4,345","4,284",395,415,9.3%,9.7%,1,0,0,0,0,0,0,0,0,0,0,0
Thu,2/18,"4,308","4,345","4,706",285,423,6.6%,9.0%,0,0,0,0,0,0,0,0,0,0,0,0
Fri,2/19,"4,997","5,514","5,247",448,480,9.0%,9.1%,0,0,0,0,0,0,0,1,1,0,0,0
Sat,2/20,"5,146","5,125","5,524",336,526,6.5%,9.5%,0,0,0,0,0,0,0,0,0,0,0,0
Sun,2/21,"3,958","3,955","4,090",302,365,7.6%,8.9%,0,0,0,0,0,0,0,0,0,0,0,0
Mon,2/22,"3,651","3,565","3,673",313,381,8.6%,10.4%,0,0,0,0,0,0,0,0,0,0,0,0
Tue,2/23,"3,873","3,955","4,071",436,378,11.3%,9.3%,0,0,0,0,0,0,0,0,0,0,1,0
Wed,2/24,"5,877","5,435","5,006","2,123",401,36.1%,8.0%,1,0,0,1,0,0,0,0,0,0,0,1
Thu,2/25,"4,729","5,765","4,279","1,076",342,22.7%,8.0%,0,0,0,0,0,0,0,0,0,0,1,1
Fri,2/26,"5,556","5,128","5,972","1,068",511,19.2%,8.5%,0,0,0,0,0,0,0,1,0,0,0,0
Sat,2/27,"6,470","5,514","6,525","1,135",565,17.5%,8.7%,0,0,0,0,0,0,0,0,0,0,0,0
Sun,2/28,"4,304","4,700","4,727",314,525,7.3%,11.1%,0,0,0,0,0,0,0,0,0,0,0,0
Mon,2/29,"3,749","4,035","4,017",616,850,16.4%,21.2%,0,0,0,0,0,0,0,0,0,0,0,0
Tue,3/1,"3,962","4,305","4,278","1,085","1,093",27.4%,25.5%,0,0,1,0,0,0,0,0,0,0,0,0
Wed,3/2,"4,563","4,690","4,644",324,274,7.1%,5.9%,1,0,0,0,0,0,0,0,0,0,0,0
Thu,3/3,"4,278","4,055","4,003",595,814,13.9%,20.3%,0,0,0,0,0,0,0,0,0,0,1,1
Fri,3/4,"4,947","5,320","5,279",349,308,7.1%,5.8%,0,0,0,0,0,0,0,0,0,0,0,0
Sat,3/5,"5,232","5,500","5,435",334,226,6.4%,4.2%,0,0,0,0,0,0,0,0,0,0,0,0
Sun,3/6,"4,041","4,165","4,139",256,172,6.3%,4.2%,0,0,0,0,0,0,0,0,0,0,1,0
Mon,3/7,"3,702","3,465","3,490","1,169","1,245",31.6%,35.7%,0,0,0,0,0,0,0,0,0,0,0,1
Tue,3/8,"3,937","3,655","3,612","1,083","1,557",27.5%,43.1%,0,0,0,0,0,0,0,0,0,0,0,1
Wed,3/9,"4,764","4,770","7,845",347,"1,254",7.3%,16.0%,1,0,0,0,1,0,1,0,0,0,0,0
Thu,3/10,"4,331","4,660","6,481","1,086","1,453",25.1%,22.4%,0,0,0,0,0,0,0,0,0,0,0,0
Fri,3/11,"5,017","5,140","7,283",324,861,6.5%,11.8%,0,0,0,0,0,0,0,1,0,0,0,0
Sat,3/12,"5,624","5,450","7,731",328,981,5.8%,12.7%,0,0,0,0,0,0,0,0,0,0,0,0
Sun,3/13,"4,251","4,265","5,790",192,697,4.5%,12.0%,0,0,0,0,0,0,0,0,0,0,0,0
Mon,3/14,"3,932","3,765","5,120",308,577,7.8%,11.3%,0,0,0,0,0,0,0,0,0,0,0,0
Tue,3/15,"4,069","4,015","5,874",270,699,6.6%,11.9%,0,0,1,0,0,0,0,0,0,0,0,0
Wed,3/16,"7,042","7,860","4,638",850,347,12.1%,7.5%,1,1,0,0,0,0,0,0,0,0,0,1
Thu,3/17,"5,727","6,505","4,598",694,395,12.1%,8.6%,0,0,0,0,0,0,0,0,0,0,0,1
Fri,3/18,"6,062","7,310","5,055",634,472,10.5%,9.3%,0,0,0,0,0,0,0,0,0,0,0,1
Sat,3/19,"6,618","7,750","5,334",667,391,10.1%,7.3%,0,0,0,0,0,0,0,0,0,0,0,1
Sun,3/20,"5,292","5,800","4,174",527,299,10.0%,7.2%,0,0,0,0,0,0,0,0,0,0,0,1
Mon,3/21,"4,845","5,135","3,702",482,331,9.9%,8.9%,0,0,0,0,0,0,0,0,0,0,0,1
Tue,3/22,"5,633","5,905","3,986",591,576,10.5%,14.4%,0,0,0,0,0,0,0,0,0,0,0,1
Wed,3/23,"4,662","4,870","4,738",322,631,6.9%,13.3%,1,0,0,0,1,0,0,0,0,0,0,0
Thu,3/24,"4,402","4,285","4,218",316,438,7.2%,10.4%,0,0,0,0,0,0,0,0,0,0,0,1
Fri,3/25,"5,331","6,025","5,999",372,823,7.0%,13.7%,0,0,0,0,0,0,0,0,0,0,0,0
Sat,3/26,"5,062","6,200","6,033",358,754,7.1%,12.5%,0,0,0,0,0,0,0,0,0,0,0,0
Sun,3/27,"2,748","3,505","4,859",178,627,6.5%,12.9%,0,0,0,0,0,0,0,0,0,0,0,0
Mon,3/28,"3,684","3,555","3,973",541,411,14.7%,10.4%,0,0,0,0,0,0,0,0,0,0,0,0
Tue,3/29,"3,771","3,910","4,908",369,310,9.8%,6.3%,0,0,0,0,0,0,0,0,0,0,0,0
Wed,3/30,"5,068","5,210","5,571","1,661",499,32.8%,9.0%,1,0,0,1,0,0,0,1,0,0,0,0
Thu,3/31,"4,985","5,105","5,410",579,424,11.6%,7.8%,0,0,0,0,0,0,0,0,0,0,0,0
Fri,4/1,"9,542","7,560","6,280","1,879",480,19.7%,7.6%,0,1,1,0,0,0,0,0,0,0,0,1
Sat,4/2,"8,957","9,000","6,190",163,453,1.8%,7.3%,0,0,0,0,0,0,0,0,0,0,0,1
Sun,4/3,"7,757","5,500","3,442","1,183",221,15.2%,6.4%,0,1,0,1,0,0,0,0,0,0,0,1
Mon,4/4,"3,842","3,800","3,971","1,195","1,152",31.1%,29.0%,0,0,0,0,0,0,0,0,0,0,0,0
Tue,4/5,"3,953","4,230","4,174","1,072",976,27.1%,23.4%,0,0,0,0,0,0,0,0,0,0,0,0
Wed,4/6,"4,401","5,280","5,095",404,372,9.2%,7.3%,1,0,0,0,1,0,0,0,1,0,0,0
Thu,4/7,"4,380","4,600","4,607",754,993,17.2%,21.5%,0,0,0,0,0,0,0,0,0,0,0,0
Fri,4/8,"5,054","5,800","5,234",387,310,7.7%,5.9%,0,0,0,0,0,0,0,0,0,0,0,0
Sat,4/9,"4,932","6,700","5,453",367,292,7.4%,5.4%,0,0,0,0,0,0,0,0,0,0,0,0
Sun,4/10,"3,833","4,900","4,157",261,216,6.8%,5.2%,0,0,0,0,0,0,0,0,0,0,0,0
Mon,4/11,"3,496","3,900","3,762",751,907,21.5%,24.1%,0,0,0,0,0,0,0,0,0,0,0,0
Tue,4/12,"3,800","5,000","4,376",833,"1,262",21.9%,28.8%,0,0,0,0,0,0,0,0,0,0,0,0
Wed,4/13,"6,843","5,200","5,741","1,238",466,18.1%,8.1%,1,0,0,1,1,0,0,1,0,0,0,1
Thu,4/14,"5,919","4,900","4,860","1,442",574,24.4%,11.8%,0,0,0,0,0,0,0,0,0,0,0,1
Fri,4/15,"6,665","6,500","7,350",899,"1,105",13.5%,15.0%,0,0,1,0,0,0,0,0,0,0,0,0
Sat,4/16,"6,910","6,800","8,906",858,"1,451",12.4%,16.3%,0,0,0,0,0,0,0,0,0,0,0,0
Sun,4/17,"5,464","4,400","4,347",614,239,11.2%,5.5%,0,0,0,0,0,0,0,0,0,0,0,1
Mon,4/18,"4,671","4,200","3,878",631,313,13.5%,8.1%,0,0,0,0,0,0,0,0,0,0,0,1
Tue,4/19,"5,311","4,350","4,167",709,523,13.3%,12.6%,0,0,0,0,0,0,0,0,0,0,0,1
Wed,4/20,"5,003","5,037","4,539",333,274,6.7%,6.0%,1,0,0,0,1,0,0,0,0,0,0,1
Thu,4/21,"4,360","4,700","4,383",279,289,6.4%,6.6%,0,0,0,0,0,0,0,0,0,0,0,0
Fri,4/22,"5,556","6,400","5,185",551,358,9.9%,6.9%,0,0,0,0,0,0,0,0,0,0,0,1
Sat,4/23,"5,647","6,500","5,345",573,300,10.2%,5.6%,0,0,0,0,0,0,0,0,0,0,0,1
Sun,4/24,"4,377","5,200","4,348",445,222,10.2%,5.1%,0,0,0,0,0,0,0,0,0,0,0,1
Mon,4/25,"4,050","4,200","3,823",328,257,8.1%,6.7%,0,0,0,0,0,0,0,0,0,0,0,1
Tue,4/26,"4,494","4,900","3,998",596,317,13.3%,7.9%,0,0,0,0,0,0,0,0,0,0,0,1
Wed,4/27,"5,747","4,500","6,013","1,382","1,284",24.0%,21.4%,1,0,0,0,1,0,0,0,1,1,0,0
Thu,4/28,"5,165","4,930","5,565",695,742,13.5%,13.3%,0,0,0,0,0,0,0,0,0,0,0,0
Fri,4/29,"7,754","6,800","6,379","1,428",600,18.4%,9.4%,0,0,1,0,0,0,0,1,0,0,0,1
Sat,4/30,"7,068","6,917","6,423",148,713,2.1%,11.1%,0,0,0,0,0,0,0,0,0,0,0,1
Sun,5/1,"5,753","5,500","4,890",914,310,15.9%,6.3%,0,0,0,0,1,0,0,0,0,0,0,1
Mon,5/2,"4,338","4,600","4,858","1,039",687,24.0%,14.1%,0,0,0,0,0,0,0,0,0,0,0,0
Tue,5/3,"4,438","4,800","4,917",710,691,16.0%,14.0%,0,0,0,0,0,0,0,0,0,0,0,0
Wed,5/4,"6,003","5,900","5,556",996,527,16.6%,9.5%,1,0,0,0,1,0,0,0,0,1,0,1
Thu,5/5,"5,162","5,500","5,373",827,841,16.0%,15.6%,0,0,0,0,0,0,0,0,0,0,0,0
Fri,5/6,"6,132","6,250","6,124",816,536,13.3%,8.8%,0,0,0,0,0,0,0,0,0,0,0,1
Sat,5/7,"6,679","6,950","6,847",749,594,11.2%,8.7%,0,0,0,0,0,0,0,0,0,0,0,0
Sun,5/8,"4,433","4,850","4,729",464,420,10.5%,8.9%,0,0,0,1,0,0,0,0,0,0,0,0
Mon,5/9,"3,850","4,200","3,929",937,587,24.3%,14.9%,0,0,0,0,0,0,0,0,0,0,0,0
Tue,5/10,"4,366","4,300","4,190","1,157",993,26.5%,23.7%,0,0,0,0,0,0,0,0,0,0,0,1
Wed,5/11,"5,414","5,900","5,751",590,"1,772",10.9%,30.8%,1,0,0,0,0,0,0,0,0,1,0,0
Thu,5/12,"5,082","5,650","5,529","1,030",489,20.3%,8.8%,0,0,0,0,0,0,0,0,0,0,1,0
Fri,5/13,"6,192","6,150","5,924",540,491,8.7%,8.3%,0,0,1,0,0,0,0,1,0,0,0,1
Sat,5/14,"6,051","6,550","6,353",509,432,8.4%,6.8%,0,0,0,0,0,0,0,0,0,0,0,0
Sun,5/15,"4,771","5,450","5,313",369,358,7.7%,6.7%,0,0,0,0,0,0,0,0,0,0,0,0
Mon,5/16,"4,336","4,400","4,231",393,348,9.1%,8.2%,0,0,0,0,0,0,0,0,0,0,0,1
Tue,5/17,"4,402","4,600","4,484",320,367,7.3%,8.2%,0,0,0,0,0,0,0,0,0,0,0,0
Wed,5/18,"5,167","5,500","5,548",519,675,10.0%,12.2%,1,0,0,0,0,0,0,0,0,0,0,0
Thu,5/19,"4,683","4,820","5,364",356,581,7.6%,10.8%,0,0,0,0,0,0,0,0,0,0,0,0
Fri,5/20,"5,501","6,050","6,938",446,731,8.1%,10.5%,0,0,0,0,0,0,0,0,0,0,0,0
Sat,5/21,"5,424","6,150","6,474",406,875,7.5%,13.5%,0,0,0,0,0,0,0,0,0,0,0,0
Sun,5/22,"4,371","4,950","4,950",341,630,7.8%,12.7%,0,0,0,0,0,0,0,0,0,0,0,0
Mon,5/23,"4,240","4,200","4,248",481,566,11.4%,13.3%,0,0,0,0,0,0,0,0,0,0,0,0
Tue,5/24,"4,622","4,600","4,474",455,439,9.8%,9.8%,0,0,0,0,0,0,0,0,0,0,0,1
Wed,5/25,"6,395","5,600","4,679","1,568",441,24.5%,9.4%,1,0,0,1,0,0,0,0,0,0,0,1
Thu,5/26,"5,686","5,450","4,541",902,226,15.9%,5.0%,0,0,0,0,0,0,0,0,0,0,0,1
Fri,5/27,"6,466","7,000","5,903",944,278,14.6%,4.7%,0,0,0,0,0,0,0,0,0,0,0,1
Sat,5/28,"6,880","6,550","5,629",943,251,13.7%,4.5%,0,0,0,0,0,0,0,0,0,0,0,1
Sun,5/29,"5,299","4,700","4,537",672,191,12.7%,4.2%,0,0,0,1,0,0,0,0,0,0,0,1
Mon,5/30,"4,535","4,150","4,275",614,949,13.5%,22.2%,0,0,0,0,0,0,0,1,0,0,0,1
Tue,5/31,"4,813","4,600","4,465",582,946,12.1%,21.2%,0,0,0,0,0,0,0,0,0,0,0,1
Wed,6/1,"4,817","5,500","4,965",772,365,16.0%,7.3%,1,0,1,0,1,0,0,0,0,0,0,0
Thu,6/2,"4,938","5,050","4,735",664,821,13.5%,17.3%,0,0,0,0,0,0,0,0,0,0,0,1
Fri,6/3,"5,415","5,850","5,635",561,407,10.4%,7.2%,0,0,0,0,0,0,0,0,0,0,0,0
Sat,6/4,"4,931","5,650","5,348",358,295,7.3%,5.5%,0,0,0,0,0,0,0,0,0,0,0,0
Sun,6/5,"4,048","4,600","4,327",328,210,8.1%,4.9%,0,0,0,0,0,0,0,0,0,0,0,0
Mon,6/6,"3,792","4,100","3,955","1,303",830,34.4%,21.0%,0,0,0,0,0,0,0,0,0,0,0,0
Tue,6/7,"4,297","4,350","4,193",762,995,17.7%,23.7%,0,0,0,0,0,0,0,0,0,0,0,1
Wed,6/8,"5,012","5,300","4,955",475,438,9.5%,8.8%,1,0,0,0,0,0,0,0,0,0,0,1
Thu,6/9,"4,622","4,900","4,586","1,149",760,24.9%,16.6%,0,0,0,0,0,0,0,0,0,0,0,1
Fri,6/10,"5,400","6,050","5,828",643,533,11.9%,9.2%,0,0,0,0,0,0,0,0,0,0,0,0
Sat,6/11,"4,912","6,150","5,739",415,376,8.4%,6.6%,0,0,0,0,0,0,0,0,0,0,0,0
Sun,6/12,"3,789","4,400","4,335",304,283,8.0%,6.5%,0,0,0,0,0,0,0,0,0,0,0,0
Mon,6/13,"3,676","4,000","4,240",349,407,9.5%,9.6%,0,0,0,0,0,0,0,1,0,0,0,0
Tue,6/14,"4,502","4,300","4,386",389,355,8.6%,8.1%,0,0,0,0,0,0,0,0,0,0,0,1
Wed,6/15,"8,144","8,200","8,044","1,154",966,14.2%,12.0%,1,1,1,0,0,0,0,0,0,0,0,1
Thu,6/16,"6,383","6,650","6,334",807,667,12.6%,10.5%,0,0,0,0,0,0,0,0,0,0,0,1
Fri,6/17,"7,207","7,200","7,100",890,712,12.4%,10.0%,0,0,0,0,0,0,0,0,0,0,0,1
Sat,6/18,"7,690","7,500","7,485",998,939,13.0%,12.5%,0,0,0,0,0,0,0,0,0,0,0,1
Sun,6/19,"5,329","5,450","5,258",654,595,12.3%,11.3%,0,0,0,0,0,0,0,0,0,0,0,1
Mon,6/20,"4,922","5,150","4,904",880,532,17.9%,10.8%,0,0,0,0,0,0,0,0,0,0,0,1
Tue,6/21,"5,737","6,000","5,791",739,612,12.9%,10.6%,0,0,0,0,0,0,0,0,0,0,0,0
Wed,6/22,"4,444","4,600","4,276",366,455,8.2%,10.6%,1,0,0,0,1,0,0,0,0,0,0,1
Thu,6/23,"4,202","4,700","4,376",371,282,8.8%,6.5%,0,0,0,0,0,0,0,0,0,0,0,0
Fri,6/24,"5,024","5,100","4,850",490,324,9.8%,6.7%,0,0,0,0,0,0,0,0,0,0,0,1
Sat,6/25,"4,751","4,850","4,620",440,307,9.3%,6.6%,0,0,0,0,0,0,0,0,0,0,0,1
Sun,6/26,"3,697","3,700","3,616",352,212,9.5%,5.9%,0,0,0,0,0,0,0,0,0,0,0,1
Mon,6/27,"3,687","3,700","3,612",594,347,16.1%,9.6%,0,0,0,0,0,0,0,0,0,0,0,1
Tue,6/28,"4,266","5,100","4,936",557,353,13.1%,7.2%,0,0,0,0,0,0,0,0,0,0,0,0
Wed,6/29,"6,746","6,400","7,326","1,648","2,106",24.4%,28.7%,1,0,0,1,0,0,0,1,1,0,0,0
Thu,6/30,"6,678","6,800","6,971","1,125","1,090",16.9%,15.6%,0,0,0,0,0,0,0,0,0,0,0,0
Fri,7/1,"7,594","6,900","6,301","1,495",759,19.7%,12.1%,0,0,1,0,0,0,0,0,0,0,1,1
Sat,7/2,"6,965","5,696","3,612",,393,,10.9%,0,0,0,0,0,0,0,0,0,0,1,1
Sun,7/3,"5,283","4,600","3,711",803,366,15.2%,9.9%,0,0,0,1,0,0,0,0,0,0,0,1
Mon,7/4,"3,705","4,430","4,010",540,478,14.6%,11.9%,0,0,0,0,0,0,0,0,0,0,0,0
Tue,7/5,"4,434","4,650","4,343",922,632,20.8%,14.6%,0,0,0,0,0,0,0,0,0,0,0,1
Wed,7/6,"4,518","5,300","4,327","1,397","1,385",30.9%,32.0%,1,0,0,1,1,0,0,0,0,0,0,1
Thu,7/7,"4,624","4,400","4,182","1,622","2,515",35.1%,60.1%,0,0,0,0,0,0,0,0,0,0,0,1
Fri,7/8,"4,986","5,350","4,627",373,256,7.5%,5.5%,0,0,0,0,0,0,0,0,0,0,0,1
Sat,7/9,"4,954","5,100","4,416",371,210,7.5%,4.8%,0,0,0,0,0,0,0,0,0,0,0,1
Sun,7/10,"4,087","4,100","3,549",297,170,7.3%,4.8%,0,0,0,0,0,0,0,0,0,0,0,1
Mon,7/11,"3,843","4,000","3,352",970,617,25.3%,18.4%,0,0,0,0,0,0,0,0,0,0,0,1
Tue,7/12,"3,871","4,300","4,266",668,681,17.3%,16.0%,0,0,0,0,0,0,0,0,0,0,0,0
Wed,7/13,"5,477","5,920","7,573",830,800,15.2%,10.6%,1,1,0,0,0,0,0,1,0,0,0,0
Thu,7/14,"5,841","5,500","5,692",859,880,14.7%,15.5%,0,0,0,0,0,0,0,0,0,0,0,1
Fri,7/15,"6,656","7,700","6,347",649,644,9.7%,10.1%,0,0,1,0,0,0,0,0,0,0,0,1
Sat,7/16,"7,327","6,900","6,559",711,665,9.7%,10.1%,0,0,0,0,0,0,0,0,0,0,0,1
Sun,7/17,"6,123","5,750","5,507",642,448,10.5%,8.1%,0,0,0,0,0,0,0,0,0,0,0,1
Mon,7/18,"4,189","5,100","5,162",574,514,13.7%,10.0%,0,0,0,0,0,0,0,0,0,0,0,0
Tue,7/19,"4,512","5,800","6,048",428,541,9.5%,8.9%,0,0,0,0,0,0,0,0,0,0,0,0
Wed,7/20,"4,255","4,850","4,780",286,334,6.7%,7.0%,1,0,0,0,1,0,0,0,0,0,0,0
Thu,7/21,"4,065","4,650","4,249",257,307,6.3%,7.2%,0,0,0,0,0,0,0,0,0,0,0,0
Fri,7/22,"4,816","5,300","4,951",363,351,7.5%,7.1%,0,0,0,0,0,0,0,0,0,0,0,0
Sat,7/23,"4,753","5,200","4,819",313,257,6.6%,5.3%,0,0,0,0,0,0,0,0,0,0,0,0
Sun,7/24,"3,685","4,100","3,775",227,203,6.1%,5.4%,0,0,0,0,0,0,0,0,0,0,0,0
Mon,7/25,"3,657","4,050","3,754",447,483,12.2%,12.9%,0,0,0,0,0,0,0,0,0,0,0,0
Tue,7/26,"3,962","4,300","3,908",321,284,8.1%,7.3%,0,0,0,0,0,0,0,0,0,0,0,1
Wed,7/27,"5,273","5,600","5,520",658,739,12.5%,13.4%,1,0,0,1,1,0,1,0,0,0,0,0
Thu,7/28,"4,712","5,650","5,306",477,497,10.1%,9.4%,0,0,0,0,0,0,0,0,0,0,0,0
Fri,7/29,"6,206","6,600","6,131",604,698,9.7%,11.4%,0,0,0,0,0,0,0,1,0,0,0,1
Sat,7/30,"6,227","6,502","5,934",,594,,10.0%,0,0,0,0,0,0,0,0,0,0,0,1
Sun,7/31,"4,955","5,400","4,767",465,452,9.4%,9.5%,0,0,0,1,1,0,1,0,0,0,0,1
Mon,8/1,"4,683","4,800","4,289",668,888,14.3%,20.7%,0,0,1,0,0,0,0,0,0,0,0,1
Tue,8/2,"4,966","5,150","4,546","1,094",856,22.0%,18.8%,0,0,0,0,0,0,0,0,0,0,0,1
Wed,8/3,"5,602","5,100","4,684",419,498,7.5%,10.6%,1,0,0,0,0,0,0,0,0,0,0,1
Thu,8/4,"5,150","4,700","4,662",481,504,9.3%,10.8%,0,0,0,0,0,0,0,0,0,0,0,1
Fri,8/5,"5,533","5,350","5,280",377,366,6.8%,6.9%,0,0,0,0,0,0,0,0,0,0,0,1
Sat,8/6,"5,231","5,600","5,370",329,301,6.3%,5.6%,0,0,0,0,0,0,0,0,0,0,1,0
Sun,8/7,"4,200","4,200","4,170",238,218,5.7%,5.2%,0,0,0,0,0,0,0,0,0,0,0,1
Mon,8/8,"3,782","4,100","4,013","1,250","1,171",33.0%,29.2%,0,0,0,0,0,0,0,0,0,0,0,0
Tue,8/9,"3,991","4,300","4,271",894,"1,127",22.4%,26.4%,0,0,0,0,0,0,0,0,0,0,0,0
Wed,8/10,"6,830","7,900","7,322",914,740,13.4%,10.1%,1,1,0,1,0,0,1,0,0,0,0,0
Thu,8/11,"5,863","6,900","6,569","1,020","1,265",17.4%,19.3%,0,0,0,0,0,0,0,0,0,0,0,0
Fri,8/12,"7,125","7,650","7,238",706,621,9.9%,8.6%,0,0,0,0,0,0,0,1,0,0,0,0
Sat,8/13,"7,858","7,740","7,369",829,679,10.5%,9.2%,0,0,0,0,0,0,0,0,0,0,0,1
Sun,8/14,"6,075","6,100","5,555",619,491,10.2%,8.8%,0,0,0,0,0,0,0,0,0,0,0,1
Mon,8/15,"5,513","5,800","5,099",587,500,10.7%,9.8%,0,0,1,0,0,0,0,0,0,0,0,1
Tue,8/16,"6,280","6,500","6,097",698,605,11.1%,9.9%,0,0,0,0,0,0,0,0,0,0,0,1
Wed,8/17,"4,840","4,950","4,911",326,394,6.7%,8.0%,1,0,0,0,0,0,0,0,0,0,0,0
Thu,8/18,"4,635","4,600","4,577",272,263,5.9%,5.7%,0,0,0,0,0,0,0,0,0,0,0,1
Fri,8/19,"5,454","5,550","5,508",393,334,7.2%,6.1%,0,0,0,0,0,0,0,0,0,0,0,0
Sat,8/20,"5,242","5,300","5,159",300,300,5.7%,5.8%,0,0,0,0,0,0,0,0,0,0,0,1
Sun,8/21,"4,016","4,200","4,091",249,232,6.2%,5.7%,0,0,0,0,0,0,0,0,0,0,0,0
Mon,8/22,"3,664","4,100","3,997",284,352,7.7%,8.8%,0,0,0,0,0,1,0,0,0,0,0,0
Tue,8/23,"4,199","4,500","4,370",359,552,8.6%,12.6%,0,0,0,0,0,0,0,0,0,0,0,0
Wed,8/24,"5,513","6,600","6,423",999,"1,975",18.1%,30.7%,1,0,0,1,0,0,0,0,1,0,0,0
Thu,8/25,"4,778","5,500","5,375",645,"1,098",13.5%,20.4%,0,0,0,0,0,0,0,0,0,0,0,0
Fri,8/26,"5,348","5,700","5,494",169,523,3.2%,9.5%,0,0,0,0,0,0,0,0,0,0,0,0
Sat,8/27,"5,335","6,250","6,060",,471,,7.8%,0,0,0,0,0,0,0,0,0,0,0,0
Sun,8/28,"4,142","5,188","4,970",488,396,11.8%,8.0%,0,0,0,1,0,0,0,0,0,0,0,0
Mon,8/29,"3,952","4,680","4,527",512,"1,391",13.0%,30.7%,0,0,0,0,0,0,0,0,0,0,0,0
Tue,8/30,"4,216","4,362","5,013",582,"1,777",13.8%,35.4%,0,0,0,0,0,0,0,0,0,0,0,0
Wed,8/31,"6,094","5,222","5,446","1,069",628,17.5%,11.5%,1,0,0,1,1,0,0,0,0,0,0,1
Thu,9/1,"6,259","6,200","5,578",930,590,14.9%,10.6%,0,0,1,0,0,0,0,0,0,0,0,1
Fri,9/2,"6,695","7,179","6,739",907,886,13.5%,13.1%,0,0,0,0,0,1,0,0,0,0,0,0
Sat,9/3,"6,209","7,000","6,638",969,809,15.6%,12.2%,0,0,0,0,0,0,0,0,0,0,0,0
Sun,9/4,"4,964","5,022","5,106",730,625,14.7%,12.2%,0,0,0,0,0,0,0,0,0,0,0,0
Mon,9/5,"4,392","5,000","4,559",852,576,19.4%,12.6%,0,0,0,0,0,0,0,0,0,0,0,0
Tue,9/6,"4,309","4,368","4,066",655,"1,499",15.2%,36.9%,0,0,0,0,0,0,0,0,0,0,0,1
Wed,9/7,"4,229","4,829","4,134",451,"1,234",10.7%,29.9%,1,0,0,0,0,0,0,0,0,0,0,1
Thu,9/8,"4,410","4,672","4,318","1,483",996,33.6%,23.1%,0,0,0,0,0,0,0,0,0,0,0,1
Fri,9/9,"4,857","5,712","4,972","1,892",275,38.9%,5.5%,0,0,0,0,0,0,0,0,0,0,0,0
Sat,9/10,"4,744","5,500","5,480",336,340,7.1%,6.2%,0,0,0,0,0,0,0,0,0,0,0,0
Sun,9/11,"3,455","4,530","4,131",235,199,6.8%,4.8%,0,0,0,0,0,0,0,0,0,0,0,0
Mon,9/12,"3,538","3,857","4,026","1,708",342,48.3%,8.5%,0,0,0,0,0,0,0,0,0,0,0,0
Tue,9/13,"3,757","3,928","4,293",272,367,7.2%,8.6%,0,0,0,0,0,0,0,0,0,0,0,0
Wed,9/14,"5,529","5,108","5,684",504,485,9.1%,8.5%,1,1,0,0,0,0,0,0,0,0,0,0
Thu,9/15,"4,899","4,600","4,698",428,369,8.7%,7.8%,0,0,1,0,0,0,0,0,0,0,0,1
Fri,9/16,"6,786","9,158","7,656",966,"1,717",14.2%,22.4%,0,0,0,1,0,0,0,0,0,0,0,0
Sat,9/17,"6,744","9,000","7,212",998,"1,383",14.8%,19.2%,0,0,0,0,0,0,0,0,0,0,0,0
Sun,9/18,"4,179","4,000","4,243",362,426,8.7%,10.0%,0,1,0,0,0,0,0,0,0,0,0,0
Mon,9/19,"3,910","4,017","4,001",302,279,7.7%,7.0%,0,0,0,0,0,0,0,0,0,0,0,0
Tue,9/20,"4,030","4,481","4,387",313,305,7.8%,7.0%,0,0,0,0,0,0,0,0,0,0,0,0
Wed,9/21,"4,562","4,680","4,411",308,244,6.8%,5.5%,1,0,0,0,0,0,0,0,0,0,0,1
Thu,9/22,"4,386","4,590","4,310",352,272,8.0%,6.3%,0,0,0,0,0,0,0,0,0,0,0,1
Fri,9/23,"5,354","5,377","5,283",441,335,8.2%,6.3%,0,0,0,0,0,0,0,0,0,0,0,1
Sat,9/24,"5,295","5,367","5,141",423,315,8.0%,6.1%,0,0,0,0,0,0,0,0,0,0,0,1
Sun,9/25,"4,068","4,066","3,757",320,216,7.9%,5.8%,0,0,0,0,0,0,0,0,0,0,0,1
Mon,9/26,"3,881","3,726","3,513",303,211,7.8%,6.0%,0,0,0,0,0,0,0,0,0,0,0,1
Tue,9/27,"4,243","4,507","4,103",364,325,8.6%,7.9%,0,0,0,0,0,0,0,0,0,0,0,1
Wed,9/28,"4,829","5,343","6,517",722,"1,158",15.0%,17.8%,1,0,0,0,1,0,0,0,0,0,0,0
Thu,9/29,"5,118","5,000","6,005",650,750,12.7%,12.5%,0,0,0,0,0,0,0,0,0,0,0,0
Fri,9/30,"5,937","6,999","6,231",644,623,10.8%,10.0%,0,0,1,0,0,0,0,0,0,0,0,0
Sat,10/1,"5,802","7,559","6,419",,579,,9.0%,0,0,0,0,0,0,0,0,0,0,0,0
Sun,10/2,"4,371","4,836","4,530",480,266,11.0%,5.9%,0,0,0,0,1,0,1,0,0,1,0,0
Mon,10/3,"4,069","4,419","4,115",302,271,7.4%,6.6%,0,0,0,0,0,1,0,0,0,0,0,0
Tue,10/4,"4,330","4,854","4,686",282,390,6.5%,8.3%,0,0,0,0,0,0,0,0,0,0,0,0
Wed,10/5,"5,025","5,047","4,716","1,007",782,20.0%,16.6%,1,0,0,1,1,0,0,0,0,1,0,1
Thu,10/6,"4,404","4,748","4,411","1,436",648,32.6%,14.7%,0,0,0,0,0,1,0,0,0,0,0,0
Fri,10/7,"4,845","5,103","5,468",824,715,17.0%,13.1%,0,0,0,0,0,1,0,0,0,0,0,0
Sat,10/8,"4,386","5,000","5,093",336,497,7.7%,9.8%,0,0,0,0,0,1,0,0,0,0,0,0
Sun,10/9,"3,155","4,004","3,777",276,364,8.7%,9.6%,0,0,0,0,0,1,0,0,0,0,0,0
Mon,10/10,"3,018","3,424","3,216",975,845,32.3%,26.3%,0,0,0,0,0,0,0,0,0,0,0,0
Tue,10/11,"3,628","3,250","3,792","1,638",992,45.2%,26.1%,0,0,0,0,0,0,0,0,0,0,0,0
Wed,10/12,"6,486","7,900","7,434",945,"1,099",14.6%,14.8%,1,1,0,1,0,0,1,0,0,0,0,0
Thu,10/13,"6,406","7,000","6,116",756,881,11.8%,14.4%,0,0,0,0,0,0,0,1,0,0,0,1
Fri,10/14,"6,657","8,391","6,419",768,730,11.5%,11.4%,0,0,1,0,0,0,0,0,0,0,0,1
Sat,10/15,"7,257","8,008","7,369",923,769,12.7%,10.4%,0,0,0,0,0,0,0,0,0,0,0,0
Sun,10/16,"5,568","6,109","5,703",760,560,13.7%,9.8%,0,0,0,0,0,0,0,0,0,0,0,0
Mon,10/17,"4,984","5,300","4,915",624,848,12.5%,17.2%,0,0,0,0,0,0,0,0,0,0,0,1
Tue,10/18,"5,959","6,400","6,005",837,"1,239",14.0%,20.6%,0,0,0,0,0,0,0,0,0,0,0,0
Wed,10/19,"4,187","4,000","4,191",421,563,10.1%,13.4%,1,0,0,0,1,0,0,0,0,1,0,0
Thu,10/20,"3,773","3,900","4,078",267,680,7.1%,16.7%,0,0,0,0,0,0,0,0,0,0,0,0
Fri,10/21,"5,045","5,300","5,059",454,346,9.0%,6.8%,0,0,0,0,1,0,0,0,0,0,0,0
Sat,10/22,"5,092","5,400","4,886",475,306,9.3%,6.3%,0,0,0,0,0,0,0,0,0,0,0,1
Sun,10/23,"3,903","3,600","3,566",394,211,10.1%,5.9%,0,0,0,0,0,0,0,0,0,0,0,1
Mon,10/24,"3,417","3,700","3,612",405,346,11.8%,9.6%,0,0,0,0,0,0,0,0,0,0,0,0
Tue,10/25,"3,810","3,800","3,711",275,274,7.2%,7.4%,0,0,0,0,0,0,0,0,0,0,0,1
Wed,10/26,"4,194","4,200","4,143",249,281,5.9%,6.8%,1,0,0,0,0,0,0,0,0,1,0,1
Thu,10/27,"4,478","4,800","4,690",550,296,12.3%,6.3%,0,0,0,0,0,0,0,0,0,0,0,0
Fri,10/28,"5,598","7,650","7,603",765,"1,184",13.7%,15.6%,0,0,0,0,0,0,0,1,0,0,0,0
Sat,10/29,"5,976","7,200","6,767",,969,,14.3%,0,0,0,0,0,0,0,0,0,0,0,0
Sun,10/30,"4,823","5,400","4,782",629,751,13.0%,15.7%,0,0,0,0,1,0,0,0,0,0,0,1
Mon,10/31,"3,973","3,600","3,681",822,"1,159",20.7%,31.5%,0,0,0,0,0,0,0,0,0,0,0,1
Tue,11/1,"4,295","4,000","4,135","1,095","1,028",25.5%,24.9%,0,0,1,0,0,0,0,0,0,0,0,1
Wed,11/2,"5,002","5,100","4,838","1,160",379,23.2%,7.8%,1,0,0,0,1,0,0,0,0,0,0,1
Thu,11/3,"4,537","4,627","4,600",916,881,20.2%,19.1%,0,0,0,0,0,0,0,0,0,0,0,0
Fri,11/4,"5,594","5,730","5,786",538,506,9.6%,8.7%,0,0,0,0,0,0,0,0,0,0,0,0
Sat,11/5,"5,316","5,859","5,573",517,425,9.7%,7.6%,0,0,0,0,0,0,0,0,0,0,0,0
Sun,11/6,"3,923","4,500","4,072",326,344,8.3%,8.4%,0,0,0,0,0,0,0,0,0,0,0,0
Mon,11/7,"3,460","4,100","3,621",722,873,20.9%,24.1%,0,0,0,0,0,0,0,0,0,0,0,0
Tue,11/8,"3,508","4,014","4,241",679,623,19.4%,14.7%,0,0,0,0,0,0,0,0,0,0,0,0
Wed,11/9,"5,970","7,500","8,897",869,"1,304",14.6%,14.7%,1,1,0,0,0,0,0,0,0,0,0,0
Thu,11/10,"6,202","7,000","6,442","1,186","1,236",19.1%,19.2%,0,0,0,0,0,0,0,0,0,0,0,0
Fri,11/11,"7,061","9,000","7,251",981,776,13.9%,10.7%,0,0,0,0,0,0,0,0,0,0,0,0
Sat,11/12,"7,054","8,038","7,737",890,767,12.6%,9.9%,0,0,0,0,0,0,0,0,0,0,0,0
Sun,11/13,"5,431","6,900","6,875",641,741,11.8%,10.8%,0,0,0,0,0,0,0,0,0,0,0,0
Mon,11/14,"5,294","4,500","4,072",650,611,12.3%,15.0%,0,0,0,0,0,0,0,0,0,0,0,1
Tue,11/15,"6,236","5,800","4,512",725,470,11.6%,10.4%,0,0,1,0,0,0,0,0,0,0,0,1
Wed,11/16,"5,901","5,400","5,653","1,540","1,523",26.1%,26.9%,1,0,0,1,0,0,0,0,0,0,0,1
Thu,11/17,"4,991","5,200","4,834",975,860,19.5%,17.8%,0,0,0,0,0,0,0,0,0,0,0,1
Fri,11/18,"6,583","6,500","6,215","1,175",921,17.8%,14.8%,0,0,0,0,0,0,0,0,0,0,0,1
Sat,11/19,"6,298","6,444","6,043","1,048",890,16.6%,14.7%,0,0,0,0,0,0,0,0,0,0,0,1
Sun,11/20,"5,014","5,300","5,703",772,876,15.4%,15.4%,0,0,0,0,0,0,0,0,0,0,0,0
Mon,11/21,"5,019","4,900","4,745",581,963,11.6%,20.3%,0,0,0,0,0,0,0,0,0,0,0,1
Tue,11/22,"6,084","6,050","5,847",685,631,11.3%,10.8%,0,0,0,0,0,0,0,0,0,0,0,1
Wed,11/23,"6,890","7,170","6,997",850,770,12.3%,11.0%,1,0,0,0,0,0,0,0,0,0,0,0
Thu,11/24,"1,621",900,829,423,124,26.1%,15.0%,0,0,0,0,0,0,0,0,0,0,0,1
Fri,11/25,"37,627","42,300","39,238","11,094","12,168",29.5%,31.0%,0,0,0,0,0,0,0,0,0,0,0,0
Sat,11/26,"11,075","14,815","13,947",,"3,599",,25.8%,0,0,0,0,0,0,0,0,0,0,0,0
Sun,11/27,"8,671","8,275","8,985","2,019","2,115",23.3%,23.5%,0,0,0,0,0,0,0,0,0,0,0,0
Mon,11/28,"4,407","5,628","5,143",584,"1,007",13.3%,19.6%,0,0,0,0,1,0,0,0,0,0,0,0
Tue,11/29,"4,967","5,665","5,330",563,"1,514",11.3%,28.4%,0,0,0,0,0,0,0,0,0,0,0,0
Wed,11/30,"5,426","5,714","8,011",485,"1,243",8.9%,15.5%,1,0,0,0,0,0,0,0,0,0,0,0
Thu,12/1,"5,107","5,511","7,128",640,"1,011",12.5%,14.2%,0,0,1,0,0,0,0,0,0,0,0,0
Fri,12/2,"10,409","9,543","8,068","1,694",921,16.3%,11.4%,0,1,0,1,0,0,0,0,0,0,0,1
Sat,12/3,"10,580","9,924","8,851","1,747","1,022",16.5%,11.5%,0,0,0,0,0,0,0,0,0,0,0,1
Sun,12/4,"9,399","7,283","6,745","1,627",750,17.3%,11.1%,0,0,0,0,0,0,0,0,0,0,0,1
Mon,12/5,"5,185","5,579","6,006",889,974,17.1%,16.2%,0,0,0,0,1,0,0,0,0,0,0,0
Tue,12/6,"5,452","6,283","7,503",889,"1,602",16.3%,21.4%,0,0,0,0,0,0,0,0,0,0,0,0
Wed,12/7,"6,026","7,223","6,431",695,814,11.5%,12.7%,1,0,0,0,0,0,0,0,0,0,0,0
Thu,12/8,"5,892","6,600","6,244","1,124","1,232",19.1%,19.7%,0,0,0,0,0,0,0,0,0,0,0,0
Fri,12/9,"6,948","7,934","7,593",874,"1,154",12.6%,15.2%,0,0,0,0,0,0,0,0,0,0,0,0
Sat,12/10,"7,743","9,672","9,330","1,092","1,442",14.1%,15.5%,0,0,0,0,0,0,0,0,0,0,0,0
Sun,12/11,"5,299","7,349","7,163",734,"1,031",13.8%,14.4%,0,0,0,0,0,0,0,0,0,0,0,0
Mon,12/12,"5,114","6,681","6,685",888,991,17.4%,14.8%,0,0,0,0,0,1,0,0,0,0,0,0
Tue,12/13,"5,728","7,046","7,876",845,"1,213",14.8%,15.4%,0,0,0,0,0,0,0,0,0,0,0,0
Wed,12/14,"10,042","8,984","8,688","1,738","1,608",17.3%,18.5%,1,1,0,0,0,0,0,0,0,0,0,1
Thu,12/15,"8,829","9,451","8,096","1,461","1,289",16.5%,15.9%,0,0,1,0,0,0,0,0,0,0,0,1
Fri,12/16,"10,577","10,524","9,534","2,619","1,568",24.8%,16.4%,0,0,0,0,0,0,0,0,0,0,0,1
Sat,12/17,"11,440","11,044","11,024","2,830","1,836",24.7%,16.7%,0,0,0,0,0,1,0,0,0,0,0,1
Sun,12/18,"9,063","9,131","8,108","2,204","1,267",24.3%,15.6%,0,0,0,0,0,0,0,0,0,0,0,1
Mon,12/19,"8,463","9,080","9,245","1,370","1,493",16.2%,16.1%,0,0,0,0,0,0,0,0,0,0,0,0
Tue,12/20,"10,255","9,350","11,078","1,674","1,719",16.3%,15.5%,0,0,0,0,0,0,0,0,0,0,0,0
Wed,12/21,"8,653","8,945","10,697","1,850","1,420",21.4%,13.3%,1,0,0,0,0,0,0,0,0,0,0,0
Thu,12/22,"9,222","8,472","9,109","1,655","1,219",17.9%,13.4%,0,0,0,0,0,0,0,0,0,0,0,1
Fri,12/23,"10,800","9,131",398,"1,848",173,17.1%,43.3%,0,0,0,0,0,0,0,0,0,0,0,1
Sat,12/24,"7,659","9,652","6,105","1,234","2,531",16.1%,41.5%,0,0,0,0,0,0,0,0,0,0,0,1
Sun,12/25,408,524,"3,573",54,687,13.2%,19.2%,0,0,0,0,0,0,0,0,0,0,0,0
Mon,12/26,"5,399","4,259","3,913","3,019",770,55.9%,19.7%,0,0,0,1,0,0,0,0,0,0,0,1
Tue,12/27,"4,393","4,550","4,538",880,735,20.0%,16.2%,0,0,0,0,0,0,0,0,0,0,0,0
Wed,12/28,"4,522","4,783","5,739",810,845,17.9%,14.7%,1,0,0,0,1,0,0,0,0,0,0,0
Thu,12/29,"5,177","4,879","5,864",845,760,16.3%,13.0%,0,0,0,0,0,0,0,0,0,0,0,0
Fri,12/30,"6,033","5,552","2,207","1,005",433,16.7%,19.6%,0,0,1,0,0,0,0,0,0,0,0,1
Sat,12/31,"4,943","6,569","4,779",,624,,13.1%,0,0,0,0,0,0,0,0,0,0,0,1
Sun,1/3,"3,540","3,774","3,646",338,388,9.5%,10.7%,0,0,0,0,1,0,0,0,0,1,0,0
Mon,1/4,"3,731","3,961","3,832","3,167","3,481",84.9%,90.8%,0,0,0,0,0,0,0,0,0,0,0,0
Tue,1/5,"3,741","4,021","4,013","2,333","2,413",62.4%,60.1%,0,0,0,0,0,0,0,0,0,0,0,0
Wed,1/6,"4,110","4,311","4,185",389,386,9.5%,9.2%,1,0,0,0,1,0,0,1,0,1,0,0
Thu,1/7,"3,922","3,952","3,824","2,264","2,626",57.7%,68.7%,0,0,0,0,0,0,0,0,0,0,0,1
Fri,1/8,"4,500","4,734","4,596",348,490,7.7%,10.7%,0,0,0,0,0,0,0,0,0,0,0,0
Sat,1/9,"4,717","4,691","4,572",300,319,6.4%,7.0%,0,0,0,0,0,0,0,0,0,0,0,1
Sun,1/10,"3,515","3,606","3,507",304,193,8.7%,5.5%,0,0,0,0,0,0,0,0,0,1,0,1
Mon,1/11,"3,543","3,419","3,296",500,537,14.1%,16.3%,0,0,0,0,0,0,0,0,0,0,0,1
Tue,1/12,"3,592","3,631","3,414",345,462,9.6%,13.5%,0,0,0,0,0,0,0,0,0,0,0,1
Wed,1/13,"4,302","4,871","5,505",527,948,12.3%,17.2%,1,0,0,0,0,0,0,0,0,1,1,0
Thu,1/14,"4,944","4,164","4,679",453,739,9.2%,15.8%,0,0,0,0,0,0,0,1,0,0,0,1
Fri,1/15,"6,823","7,267","5,552","1,132",673,16.6%,12.1%,0,0,1,0,0,0,0,0,0,0,0,1
Sat,1/16,"6,420","6,948","5,420","1,096",616,17.1%,11.4%,0,0,0,0,0,0,0,0,0,0,0,1
Sun,1/17,"3,981","3,734","3,676",442,413,11.1%,11.2%,0,0,0,0,0,0,0,0,0,0,0,1
Mon,1/18,"3,458","3,470","3,399",401,425,11.6%,12.5%,0,0,0,0,0,0,0,0,0,0,0,1
Tue,1/19,"3,902","3,933","3,860",366,429,9.4%,11.1%,0,0,0,0,0,0,0,0,0,0,0,1
Wed,1/20,"3,836","4,069","3,968",370,414,9.6%,10.4%,1,0,0,0,1,0,0,0,0,1,1,0
Thu,1/21,"3,924","4,320","4,194",322,413,8.2%,9.9%,0,0,0,0,0,0,0,1,0,0,0,0
Fri,1/22,"4,269","4,810","4,687",306,478,7.2%,10.2%,0,0,0,0,0,0,0,0,0,0,0,0
Sat,1/23,"3,907","4,788","4,688",256,497,6.6%,10.6%,0,0,0,0,0,0,0,0,0,0,0,0
Sun,1/24,"2,958","3,708","3,682",201,377,6.8%,10.2%,0,0,0,0,0,0,0,0,0,0,0,0
Mon,1/25,"2,766","3,213","3,158",165,268,6.0%,8.5%,0,0,0,0,0,0,0,0,0,0,1,0
Tue,1/26,"3,105","3,311","3,273",350,301,11.3%,9.2%,0,0,0,0,0,0,0,0,0,0,1,0
Wed,1/27,"6,585","4,803","3,521","2,286",329,34.7%,9.4%,1,1,0,1,0,0,0,0,0,1,0,1
Thu,1/28,"5,197","6,606","6,596","1,209",836,23.3%,12.7%,0,0,0,0,0,0,1,0,0,0,0,0
Fri,1/29,"6,641","7,333","7,152","1,314",840,19.8%,11.7%,0,0,0,0,0,0,0,1,0,0,0,0
Sat,1/30,"7,463","7,903","8,058","1,493","1,062",20.0%,13.2%,0,0,0,0,0,0,0,0,0,0,0,0
,,,,,,,,,,,,,,,,,,,,
,,,,,,,,,,,,,,,,,,,,
,,,,,,,,,,,,,,,,,,,,
,,,,,,,,,,,,,,,,,,,,
,,,,,,,,,,,,,,,,,,,,
,,,,,,,,,,,,,,,,,,,,
,,,,,,,,,,,,,,,,,,,,
,,,,,,,,,,,,,,,,,,,,
,,,,,,,,,,,,,,,,,,,,
,,,,,,,,,,,,,,,,,,,,
