LOC_NUM,FEATURE_ITEM,AD_SOW_DATE,AD_EOW_DATE
10,251114,06/30/17,07/06/17
10,4473029,06/30/17,07/06/17
437,251114,06/30/17,07/06/17
437,4473029,06/30/17,07/06/17
305,251114,06/30/17,07/06/17
305,4473029,06/30/17,07/06/17
720,251114,06/30/17,07/06/17
720,4473029,06/30/17,07/06/17
745,251114,06/30/17,07/06/17
745,4473029,06/30/17,07/06/17
16,251114,06/30/17,07/06/17
16,4473029,06/30/17,07/06/17
34,251114,06/30/17,07/06/17
34,4473029,06/30/17,07/06/17
164,251114,06/30/17,07/06/17
164,4473029,06/30/17,07/06/17
191,251114,06/30/17,07/06/17
191,4473029,06/30/17,07/06/17
440,251114,06/30/17,07/06/17
440,4473029,06/30/17,07/06/17
464,251114,06/30/17,07/06/17
464,4473029,06/30/17,07/06/17
407,251114,06/30/17,07/06/17
407,4473029,06/30/17,07/06/17
110,251114,06/30/17,07/06/17
110,4473029,06/30/17,07/06/17
335,251114,06/30/17,07/06/17
335,4473029,06/30/17,07/06/17
366,251114,06/30/17,07/06/17
366,4473029,06/30/17,07/06/17
169,251114,06/30/17,07/06/17
169,4473029,06/30/17,07/06/17
263,251114,06/30/17,07/06/17
263,4473029,06/30/17,07/06/17
292,251114,06/30/17,07/06/17
292,4473029,06/30/17,07/06/17
393,251114,06/30/17,07/06/17
393,4473029,06/30/17,07/06/17
265,251114,06/30/17,07/06/17
265,4473029,06/30/17,07/06/17
751,251114,06/30/17,07/06/17
751,4473029,06/30/17,07/06/17
398,251114,06/30/17,07/06/17
398,4473029,06/30/17,07/06/17
236,251114,06/30/17,07/06/17
236,4473029,06/30/17,07/06/17
274,251114,06/30/17,07/06/17
274,4473029,06/30/17,07/06/17
409,251114,06/30/17,07/06/17
409,4473029,06/30/17,07/06/17
722,251114,06/30/17,07/06/17
722,4473029,06/30/17,07/06/17
67,251114,06/30/17,07/06/17
67,4473029,06/30/17,07/06/17
730,251114,06/30/17,07/06/17
730,4473029,06/30/17,07/06/17
55,251114,06/30/17,07/06/17
55,4473029,06/30/17,07/06/17
93,251114,06/30/17,07/06/17
93,4473029,06/30/17,07/06/17
10,13023,06/30/17,07/06/17
10,13053,06/30/17,07/06/17
10,21383,06/30/17,07/06/17
437,13023,06/30/17,07/06/17
437,13053,06/30/17,07/06/17
437,21383,06/30/17,07/06/17
305,13023,06/30/17,07/06/17
305,13053,06/30/17,07/06/17
305,21383,06/30/17,07/06/17
720,13023,06/30/17,07/06/17
720,13053,06/30/17,07/06/17
720,21383,06/30/17,07/06/17
745,13023,06/30/17,07/06/17
745,13053,06/30/17,07/06/17
745,21383,06/30/17,07/06/17
16,13023,06/30/17,07/06/17
16,13053,06/30/17,07/06/17
16,21383,06/30/17,07/06/17
34,13023,06/30/17,07/06/17
34,13053,06/30/17,07/06/17
34,21383,06/30/17,07/06/17
164,13023,06/30/17,07/06/17
164,13053,06/30/17,07/06/17
164,21383,06/30/17,07/06/17
191,13023,06/30/17,07/06/17
191,13053,06/30/17,07/06/17
191,21383,06/30/17,07/06/17
440,13023,06/30/17,07/06/17
440,13053,06/30/17,07/06/17
440,21383,06/30/17,07/06/17
464,13023,06/30/17,07/06/17
464,13053,06/30/17,07/06/17
464,21383,06/30/17,07/06/17
407,13023,06/30/17,07/06/17
407,13053,06/30/17,07/06/17
407,21383,06/30/17,07/06/17
110,13023,06/30/17,07/06/17
110,13053,06/30/17,07/06/17
110,21383,06/30/17,07/06/17
335,13023,06/30/17,07/06/17
335,13053,06/30/17,07/06/17
335,21383,06/30/17,07/06/17
366,13023,06/30/17,07/06/17
366,13053,06/30/17,07/06/17
366,21383,06/30/17,07/06/17
169,13023,06/30/17,07/06/17
169,13053,06/30/17,07/06/17
169,21383,06/30/17,07/06/17
263,13023,06/30/17,07/06/17
263,13053,06/30/17,07/06/17
263,21383,06/30/17,07/06/17
292,13023,06/30/17,07/06/17
292,13053,06/30/17,07/06/17
292,21383,06/30/17,07/06/17
393,13023,06/30/17,07/06/17
393,13053,06/30/17,07/06/17
393,21383,06/30/17,07/06/17
265,13023,06/30/17,07/06/17
265,13053,06/30/17,07/06/17
265,21383,06/30/17,07/06/17
751,13023,06/30/17,07/06/17
751,13053,06/30/17,07/06/17
751,21383,06/30/17,07/06/17
398,13023,06/30/17,07/06/17
398,13053,06/30/17,07/06/17
398,21383,06/30/17,07/06/17
236,13023,06/30/17,07/06/17
236,13053,06/30/17,07/06/17
236,21383,06/30/17,07/06/17
274,13023,06/30/17,07/06/17
274,13053,06/30/17,07/06/17
274,21383,06/30/17,07/06/17
409,13023,06/30/17,07/06/17
409,13053,06/30/17,07/06/17
409,21383,06/30/17,07/06/17
722,13023,06/30/17,07/06/17
722,13053,06/30/17,07/06/17
722,21383,06/30/17,07/06/17
67,13023,06/30/17,07/06/17
67,13053,06/30/17,07/06/17
67,21383,06/30/17,07/06/17
730,13023,06/30/17,07/06/17
730,13053,06/30/17,07/06/17
730,21383,06/30/17,07/06/17
55,13023,06/30/17,07/06/17
55,13053,06/30/17,07/06/17
55,21383,06/30/17,07/06/17
93,13023,06/30/17,07/06/17
93,13053,06/30/17,07/06/17
93,21383,06/30/17,07/06/17
10,6558961,06/30/17,07/06/17
437,6558961,06/30/17,07/06/17
305,6558961,06/30/17,07/06/17
720,6558961,06/30/17,07/06/17
745,6558961,06/30/17,07/06/17
16,6558961,06/30/17,07/06/17
34,6558961,06/30/17,07/06/17
164,6558961,06/30/17,07/06/17
191,6558961,06/30/17,07/06/17
440,6558961,06/30/17,07/06/17
464,6558961,06/30/17,07/06/17
407,6558961,06/30/17,07/06/17
110,6558961,06/30/17,07/06/17
335,6558961,06/30/17,07/06/17
366,6558961,06/30/17,07/06/17
169,6558961,06/30/17,07/06/17
263,6558961,06/30/17,07/06/17
292,6558961,06/30/17,07/06/17
393,6558961,06/30/17,07/06/17
265,6558961,06/30/17,07/06/17
751,6558961,06/30/17,07/06/17
398,6558961,06/30/17,07/06/17
236,6558961,06/30/17,07/06/17
274,6558961,06/30/17,07/06/17
409,6558961,06/30/17,07/06/17
722,6558961,06/30/17,07/06/17
67,6558961,06/30/17,07/06/17
730,6558961,06/30/17,07/06/17
55,6558961,06/30/17,07/06/17
93,6558961,06/30/17,07/06/17
10,6558967,06/30/17,07/06/17
437,6558967,06/30/17,07/06/17
305,6558967,06/30/17,07/06/17
720,6558967,06/30/17,07/06/17
745,6558967,06/30/17,07/06/17
16,6558967,06/30/17,07/06/17
34,6558967,06/30/17,07/06/17
164,6558967,06/30/17,07/06/17
191,6558967,06/30/17,07/06/17
440,6558967,06/30/17,07/06/17
464,6558967,06/30/17,07/06/17
407,6558967,06/30/17,07/06/17
110,6558967,06/30/17,07/06/17
335,6558967,06/30/17,07/06/17
366,6558967,06/30/17,07/06/17
169,6558967,06/30/17,07/06/17
263,6558967,06/30/17,07/06/17
292,6558967,06/30/17,07/06/17
393,6558967,06/30/17,07/06/17
265,6558967,06/30/17,07/06/17
751,6558967,06/30/17,07/06/17
398,6558967,06/30/17,07/06/17
236,6558967,06/30/17,07/06/17
274,6558967,06/30/17,07/06/17
409,6558967,06/30/17,07/06/17
722,6558967,06/30/17,07/06/17
67,6558967,06/30/17,07/06/17
730,6558967,06/30/17,07/06/17
55,6558967,06/30/17,07/06/17
93,6558967,06/30/17,07/06/17
10,3631143,06/30/17,07/06/17
437,3631143,06/30/17,07/06/17
305,3631143,06/30/17,07/06/17
720,3631143,06/30/17,07/06/17
745,3631143,06/30/17,07/06/17
16,3631143,06/30/17,07/06/17
34,3631143,06/30/17,07/06/17
164,3631143,06/30/17,07/06/17
191,3631143,06/30/17,07/06/17
440,3631143,06/30/17,07/06/17
464,3631143,06/30/17,07/06/17
407,3631143,06/30/17,07/06/17
110,3631143,06/30/17,07/06/17
335,3631143,06/30/17,07/06/17
366,3631143,06/30/17,07/06/17
169,3631143,06/30/17,07/06/17
263,3631143,06/30/17,07/06/17
292,3631143,06/30/17,07/06/17
393,3631143,06/30/17,07/06/17
265,3631143,06/30/17,07/06/17
751,3631143,06/30/17,07/06/17
398,3631143,06/30/17,07/06/17
236,3631143,06/30/17,07/06/17
274,3631143,06/30/17,07/06/17
409,3631143,06/30/17,07/06/17
722,3631143,06/30/17,07/06/17
67,3631143,06/30/17,07/06/17
730,3631143,06/30/17,07/06/17
55,3631143,06/30/17,07/06/17
93,3631143,06/30/17,07/06/17
10,3631069,06/30/17,07/06/17
437,3631069,06/30/17,07/06/17
305,3631069,06/30/17,07/06/17
720,3631069,06/30/17,07/06/17
745,3631069,06/30/17,07/06/17
16,3631069,06/30/17,07/06/17
34,3631069,06/30/17,07/06/17
164,3631069,06/30/17,07/06/17
191,3631069,06/30/17,07/06/17
440,3631069,06/30/17,07/06/17
464,3631069,06/30/17,07/06/17
407,3631069,06/30/17,07/06/17
110,3631069,06/30/17,07/06/17
335,3631069,06/30/17,07/06/17
366,3631069,06/30/17,07/06/17
169,3631069,06/30/17,07/06/17
263,3631069,06/30/17,07/06/17
292,3631069,06/30/17,07/06/17
393,3631069,06/30/17,07/06/17
265,3631069,06/30/17,07/06/17
751,3631069,06/30/17,07/06/17
398,3631069,06/30/17,07/06/17
236,3631069,06/30/17,07/06/17
274,3631069,06/30/17,07/06/17
409,3631069,06/30/17,07/06/17
722,3631069,06/30/17,07/06/17
67,3631069,06/30/17,07/06/17
730,3631069,06/30/17,07/06/17
55,3631069,06/30/17,07/06/17
93,3631069,06/30/17,07/06/17
10,8089120,06/30/17,07/06/17
437,8089120,06/30/17,07/06/17
305,8089120,06/30/17,07/06/17
720,8089120,06/30/17,07/06/17
745,8089120,06/30/17,07/06/17
16,8089120,06/30/17,07/06/17
34,8089120,06/30/17,07/06/17
164,8089120,06/30/17,07/06/17
191,8089120,06/30/17,07/06/17
440,8089120,06/30/17,07/06/17
464,8089120,06/30/17,07/06/17
407,8089120,06/30/17,07/06/17
110,8089120,06/30/17,07/06/17
335,8089120,06/30/17,07/06/17
366,8089120,06/30/17,07/06/17
169,8089120,06/30/17,07/06/17
263,8089120,06/30/17,07/06/17
292,8089120,06/30/17,07/06/17
393,8089120,06/30/17,07/06/17
265,8089120,06/30/17,07/06/17
751,8089120,06/30/17,07/06/17
398,8089120,06/30/17,07/06/17
236,8089120,06/30/17,07/06/17
274,8089120,06/30/17,07/06/17
409,8089120,06/30/17,07/06/17
722,8089120,06/30/17,07/06/17
67,8089120,06/30/17,07/06/17
730,8089120,06/30/17,07/06/17
55,8089120,06/30/17,07/06/17
93,8089120,06/30/17,07/06/17
10,829729,06/30/17,07/06/17
437,829729,06/30/17,07/06/17
305,829729,06/30/17,07/06/17
720,829729,06/30/17,07/06/17
745,829729,06/30/17,07/06/17
16,829729,06/30/17,07/06/17
34,829729,06/30/17,07/06/17
164,829729,06/30/17,07/06/17
191,829729,06/30/17,07/06/17
464,829729,06/30/17,07/06/17
407,829729,06/30/17,07/06/17
110,829729,06/30/17,07/06/17
335,829729,06/30/17,07/06/17
366,829729,06/30/17,07/06/17
169,829729,06/30/17,07/06/17
263,829729,06/30/17,07/06/17
292,829729,06/30/17,07/06/17
393,829729,06/30/17,07/06/17
265,829729,06/30/17,07/06/17
751,829729,06/30/17,07/06/17
398,829729,06/30/17,07/06/17
236,829729,06/30/17,07/06/17
274,829729,06/30/17,07/06/17
409,829729,06/30/17,07/06/17
722,829729,06/30/17,07/06/17
67,829729,06/30/17,07/06/17
730,829729,06/30/17,07/06/17
55,829729,06/30/17,07/06/17
93,829729,06/30/17,07/06/17
481,829729,06/30/17,07/06/17
490,829729,06/30/17,07/06/17
10,5497947,06/30/17,07/06/17
437,5497947,06/30/17,07/06/17
305,5497947,06/30/17,07/06/17
720,5497947,06/30/17,07/06/17
745,5497947,06/30/17,07/06/17
16,5497947,06/30/17,07/06/17
34,5497947,06/30/17,07/06/17
164,5497947,06/30/17,07/06/17
191,5497947,06/30/17,07/06/17
407,5497947,06/30/17,07/06/17
110,5497947,06/30/17,07/06/17
335,5497947,06/30/17,07/06/17
366,5497947,06/30/17,07/06/17
169,5497947,06/30/17,07/06/17
263,5497947,06/30/17,07/06/17
292,5497947,06/30/17,07/06/17
393,5497947,06/30/17,07/06/17
265,5497947,06/30/17,07/06/17
751,5497947,06/30/17,07/06/17
398,5497947,06/30/17,07/06/17
236,5497947,06/30/17,07/06/17
274,5497947,06/30/17,07/06/17
409,5497947,06/30/17,07/06/17
722,5497947,06/30/17,07/06/17
67,5497947,06/30/17,07/06/17
730,5497947,06/30/17,07/06/17
55,5497947,06/30/17,07/06/17
93,5497947,06/30/17,07/06/17
10,5083890,06/30/17,07/06/17
437,5083890,06/30/17,07/06/17
305,5083890,06/30/17,07/06/17
720,5083890,06/30/17,07/06/17
745,5083890,06/30/17,07/06/17
16,5083890,06/30/17,07/06/17
34,5083890,06/30/17,07/06/17
164,5083890,06/30/17,07/06/17
191,5083890,06/30/17,07/06/17
440,5083890,06/30/17,07/06/17
464,5083890,06/30/17,07/06/17
407,5083890,06/30/17,07/06/17
110,5083890,06/30/17,07/06/17
335,5083890,06/30/17,07/06/17
366,5083890,06/30/17,07/06/17
169,5083890,06/30/17,07/06/17
263,5083890,06/30/17,07/06/17
292,5083890,06/30/17,07/06/17
393,5083890,06/30/17,07/06/17
265,5083890,06/30/17,07/06/17
751,5083890,06/30/17,07/06/17
398,5083890,06/30/17,07/06/17
236,5083890,06/30/17,07/06/17
274,5083890,06/30/17,07/06/17
409,5083890,06/30/17,07/06/17
722,5083890,06/30/17,07/06/17
67,5083890,06/30/17,07/06/17
730,5083890,06/30/17,07/06/17
55,5083890,06/30/17,07/06/17
93,5083890,06/30/17,07/06/17
10,463731,06/30/17,07/06/17
437,463731,06/30/17,07/06/17
305,463731,06/30/17,07/06/17
720,463731,06/30/17,07/06/17
745,463731,06/30/17,07/06/17
16,463731,06/30/17,07/06/17
34,463731,06/30/17,07/06/17
164,463731,06/30/17,07/06/17
191,463731,06/30/17,07/06/17
440,463731,06/30/17,07/06/17
464,463731,06/30/17,07/06/17
407,463731,06/30/17,07/06/17
110,463731,06/30/17,07/06/17
335,463731,06/30/17,07/06/17
366,463731,06/30/17,07/06/17
169,463731,06/30/17,07/06/17
263,463731,06/30/17,07/06/17
292,463731,06/30/17,07/06/17
393,463731,06/30/17,07/06/17
265,463731,06/30/17,07/06/17
751,463731,06/30/17,07/06/17
398,463731,06/30/17,07/06/17
236,463731,06/30/17,07/06/17
274,463731,06/30/17,07/06/17
409,463731,06/30/17,07/06/17
722,463731,06/30/17,07/06/17
67,463731,06/30/17,07/06/17
730,463731,06/30/17,07/06/17
55,463731,06/30/17,07/06/17
93,463731,06/30/17,07/06/17
10,9494540,06/30/17,07/06/17
437,9494540,06/30/17,07/06/17
305,9494540,06/30/17,07/06/17
720,9494540,06/30/17,07/06/17
16,9494540,06/30/17,07/06/17
34,9494540,06/30/17,07/06/17
164,9494540,06/30/17,07/06/17
191,9494540,06/30/17,07/06/17
440,9494540,06/30/17,07/06/17
464,9494540,06/30/17,07/06/17
10,5734148,06/30/17,07/06/17
437,5734148,06/30/17,07/06/17
305,5734148,06/30/17,07/06/17
720,5734148,06/30/17,07/06/17
16,5734148,06/30/17,07/06/17
34,5734148,06/30/17,07/06/17
164,5734148,06/30/17,07/06/17
191,5734148,06/30/17,07/06/17
440,5734148,06/30/17,07/06/17
464,5734148,06/30/17,07/06/17
10,10835832,06/30/17,07/06/17
437,10835832,06/30/17,07/06/17
305,10835832,06/30/17,07/06/17
720,10835832,06/30/17,07/06/17
16,10835832,06/30/17,07/06/17
34,10835832,06/30/17,07/06/17
164,10835832,06/30/17,07/06/17
191,10835832,06/30/17,07/06/17
440,10835832,06/30/17,07/06/17
464,10835832,06/30/17,07/06/17
10,9494593,06/30/17,07/06/17
437,9494593,06/30/17,07/06/17
305,9494593,06/30/17,07/06/17
720,9494593,06/30/17,07/06/17
16,9494593,06/30/17,07/06/17
34,9494593,06/30/17,07/06/17
164,9494593,06/30/17,07/06/17
191,9494593,06/30/17,07/06/17
440,9494593,06/30/17,07/06/17
464,9494593,06/30/17,07/06/17
10,9494556,06/30/17,07/06/17
437,9494556,06/30/17,07/06/17
305,9494556,06/30/17,07/06/17
720,9494556,06/30/17,07/06/17
16,9494556,06/30/17,07/06/17
34,9494556,06/30/17,07/06/17
164,9494556,06/30/17,07/06/17
191,9494556,06/30/17,07/06/17
440,9494556,06/30/17,07/06/17
464,9494556,06/30/17,07/06/17
10,10827407,06/30/17,07/06/17
437,10827407,06/30/17,07/06/17
305,10827407,06/30/17,07/06/17
720,10827407,06/30/17,07/06/17
16,10827407,06/30/17,07/06/17
34,10827407,06/30/17,07/06/17
164,10827407,06/30/17,07/06/17
191,10827407,06/30/17,07/06/17
440,10827407,06/30/17,07/06/17
464,10827407,06/30/17,07/06/17
10,10827406,06/30/17,07/06/17
437,10827406,06/30/17,07/06/17
305,10827406,06/30/17,07/06/17
720,10827406,06/30/17,07/06/17
16,10827406,06/30/17,07/06/17
34,10827406,06/30/17,07/06/17
164,10827406,06/30/17,07/06/17
191,10827406,06/30/17,07/06/17
440,10827406,06/30/17,07/06/17
464,10827406,06/30/17,07/06/17
10,10827408,06/30/17,07/06/17
437,10827408,06/30/17,07/06/17
305,10827408,06/30/17,07/06/17
720,10827408,06/30/17,07/06/17
16,10827408,06/30/17,07/06/17
34,10827408,06/30/17,07/06/17
164,10827408,06/30/17,07/06/17
191,10827408,06/30/17,07/06/17
440,10827408,06/30/17,07/06/17
464,10827408,06/30/17,07/06/17
10,10783813,06/30/17,07/06/17
437,10783813,06/30/17,07/06/17
305,10783813,06/30/17,07/06/17
720,10783813,06/30/17,07/06/17
745,10783813,06/30/17,07/06/17
16,10783813,06/30/17,07/06/17
34,10783813,06/30/17,07/06/17
164,10783813,06/30/17,07/06/17
191,10783813,06/30/17,07/06/17
440,10783813,06/30/17,07/06/17
464,10783813,06/30/17,07/06/17
780,10783813,06/30/17,07/06/17
10,9728797,06/30/17,07/06/17
437,9728797,06/30/17,07/06/17
305,9728797,06/30/17,07/06/17
720,9728797,06/30/17,07/06/17
745,9728797,06/30/17,07/06/17
16,9728797,06/30/17,07/06/17
34,9728797,06/30/17,07/06/17
164,9728797,06/30/17,07/06/17
191,9728797,06/30/17,07/06/17
440,9728797,06/30/17,07/06/17
464,9728797,06/30/17,07/06/17
780,9728797,06/30/17,07/06/17
10,9696057,06/30/17,07/06/17
437,9696057,06/30/17,07/06/17
305,9696057,06/30/17,07/06/17
720,9696057,06/30/17,07/06/17
745,9696057,06/30/17,07/06/17
16,9696057,06/30/17,07/06/17
34,9696057,06/30/17,07/06/17
164,9696057,06/30/17,07/06/17
191,9696057,06/30/17,07/06/17
440,9696057,06/30/17,07/06/17
464,9696057,06/30/17,07/06/17
780,9696057,06/30/17,07/06/17
10,10007547,06/30/17,07/06/17
437,10007547,06/30/17,07/06/17
305,10007547,06/30/17,07/06/17
720,10007547,06/30/17,07/06/17
745,10007547,06/30/17,07/06/17
780,10007547,06/30/17,07/06/17
10,10828963,06/30/17,07/06/17
437,10828963,06/30/17,07/06/17
305,10828963,06/30/17,07/06/17
720,10828963,06/30/17,07/06/17
745,10828963,06/30/17,07/06/17
16,10828963,06/30/17,07/06/17
34,10828963,06/30/17,07/06/17
164,10828963,06/30/17,07/06/17
191,10828963,06/30/17,07/06/17
440,10828963,06/30/17,07/06/17
464,10828963,06/30/17,07/06/17
407,10828963,06/30/17,07/06/17
110,10828963,06/30/17,07/06/17
335,10828963,06/30/17,07/06/17
366,10828963,06/30/17,07/06/17
169,10828963,06/30/17,07/06/17
263,10828963,06/30/17,07/06/17
292,10828963,06/30/17,07/06/17
393,10828963,06/30/17,07/06/17
10,10820427,06/30/17,07/06/17
437,10820427,06/30/17,07/06/17
305,10820427,06/30/17,07/06/17
720,10820427,06/30/17,07/06/17
745,10820427,06/30/17,07/06/17
16,10820427,06/30/17,07/06/17
34,10820427,06/30/17,07/06/17
164,10820427,06/30/17,07/06/17
191,10820427,06/30/17,07/06/17
440,10820427,06/30/17,07/06/17
464,10820427,06/30/17,07/06/17
407,10820427,06/30/17,07/06/17
110,10820427,06/30/17,07/06/17
335,10820427,06/30/17,07/06/17
366,10820427,06/30/17,07/06/17
169,10820427,06/30/17,07/06/17
263,10820427,06/30/17,07/06/17
292,10820427,06/30/17,07/06/17
393,10820427,06/30/17,07/06/17
10,10817719,06/30/17,07/06/17
437,10817719,06/30/17,07/06/17
305,10817719,06/30/17,07/06/17
720,10817719,06/30/17,07/06/17
745,10817719,06/30/17,07/06/17
16,10817719,06/30/17,07/06/17
34,10817719,06/30/17,07/06/17
164,10817719,06/30/17,07/06/17
191,10817719,06/30/17,07/06/17
440,10817719,06/30/17,07/06/17
464,10817719,06/30/17,07/06/17
407,10817719,06/30/17,07/06/17
110,10817719,06/30/17,07/06/17
335,10817719,06/30/17,07/06/17
366,10817719,06/30/17,07/06/17
169,10817719,06/30/17,07/06/17
263,10817719,06/30/17,07/06/17
292,10817719,06/30/17,07/06/17
393,10817719,06/30/17,07/06/17
10,10817703,06/30/17,07/06/17
437,10817703,06/30/17,07/06/17
305,10817703,06/30/17,07/06/17
720,10817703,06/30/17,07/06/17
745,10817703,06/30/17,07/06/17
16,10817703,06/30/17,07/06/17
34,10817703,06/30/17,07/06/17
164,10817703,06/30/17,07/06/17
191,10817703,06/30/17,07/06/17
440,10817703,06/30/17,07/06/17
464,10817703,06/30/17,07/06/17
407,10817703,06/30/17,07/06/17
110,10817703,06/30/17,07/06/17
335,10817703,06/30/17,07/06/17
366,10817703,06/30/17,07/06/17
169,10817703,06/30/17,07/06/17
263,10817703,06/30/17,07/06/17
292,10817703,06/30/17,07/06/17
393,10817703,06/30/17,07/06/17
10,10768010,06/30/17,07/06/17
437,10768010,06/30/17,07/06/17
305,10768010,06/30/17,07/06/17
720,10768010,06/30/17,07/06/17
745,10768010,06/30/17,07/06/17
16,10768010,06/30/17,07/06/17
34,10768010,06/30/17,07/06/17
164,10768010,06/30/17,07/06/17
191,10768010,06/30/17,07/06/17
440,10768010,06/30/17,07/06/17
464,10768010,06/30/17,07/06/17
407,10768010,06/30/17,07/06/17
110,10768010,06/30/17,07/06/17
335,10768010,06/30/17,07/06/17
366,10768010,06/30/17,07/06/17
169,10768010,06/30/17,07/06/17
263,10768010,06/30/17,07/06/17
292,10768010,06/30/17,07/06/17
393,10768010,06/30/17,07/06/17
265,10768010,06/30/17,07/06/17
751,10768010,06/30/17,07/06/17
398,10768010,06/30/17,07/06/17
236,10768010,06/30/17,07/06/17
274,10768010,06/30/17,07/06/17
409,10768010,06/30/17,07/06/17
722,10768010,06/30/17,07/06/17
67,10768010,06/30/17,07/06/17
730,10768010,06/30/17,07/06/17
55,10768010,06/30/17,07/06/17
93,10768010,06/30/17,07/06/17
780,10768010,06/30/17,07/06/17
481,10768010,06/30/17,07/06/17
490,10768010,06/30/17,07/06/17
10,10562290,06/30/17,07/06/17
437,10562290,06/30/17,07/06/17
305,10562290,06/30/17,07/06/17
720,10562290,06/30/17,07/06/17
745,10562290,06/30/17,07/06/17
16,10562290,06/30/17,07/06/17
34,10562290,06/30/17,07/06/17
164,10562290,06/30/17,07/06/17
191,10562290,06/30/17,07/06/17
440,10562290,06/30/17,07/06/17
464,10562290,06/30/17,07/06/17
407,10562290,06/30/17,07/06/17
110,10562290,06/30/17,07/06/17
335,10562290,06/30/17,07/06/17
366,10562290,06/30/17,07/06/17
169,10562290,06/30/17,07/06/17
263,10562290,06/30/17,07/06/17
292,10562290,06/30/17,07/06/17
393,10562290,06/30/17,07/06/17
780,10562290,06/30/17,07/06/17
10,10817707,06/30/17,07/06/17
437,10817707,06/30/17,07/06/17
305,10817707,06/30/17,07/06/17
720,10817707,06/30/17,07/06/17
745,10817707,06/30/17,07/06/17
16,10817707,06/30/17,07/06/17
34,10817707,06/30/17,07/06/17
164,10817707,06/30/17,07/06/17
191,10817707,06/30/17,07/06/17
440,10817707,06/30/17,07/06/17
464,10817707,06/30/17,07/06/17
407,10817707,06/30/17,07/06/17
110,10817707,06/30/17,07/06/17
335,10817707,06/30/17,07/06/17
366,10817707,06/30/17,07/06/17
169,10817707,06/30/17,07/06/17
263,10817707,06/30/17,07/06/17
292,10817707,06/30/17,07/06/17
393,10817707,06/30/17,07/06/17
10,10803519,06/30/17,07/06/17
437,10803519,06/30/17,07/06/17
305,10803519,06/30/17,07/06/17
720,10803519,06/30/17,07/06/17
745,10803519,06/30/17,07/06/17
16,10803519,06/30/17,07/06/17
34,10803519,06/30/17,07/06/17
164,10803519,06/30/17,07/06/17
191,10803519,06/30/17,07/06/17
440,10803519,06/30/17,07/06/17
464,10803519,06/30/17,07/06/17
407,10803519,06/30/17,07/06/17
110,10803519,06/30/17,07/06/17
335,10803519,06/30/17,07/06/17
366,10803519,06/30/17,07/06/17
169,10803519,06/30/17,07/06/17
263,10803519,06/30/17,07/06/17
292,10803519,06/30/17,07/06/17
393,10803519,06/30/17,07/06/17
780,10803519,06/30/17,07/06/17
10,10745755,06/30/17,07/06/17
437,10745755,06/30/17,07/06/17
305,10745755,06/30/17,07/06/17
720,10745755,06/30/17,07/06/17
745,10745755,06/30/17,07/06/17
16,10745755,06/30/17,07/06/17
34,10745755,06/30/17,07/06/17
164,10745755,06/30/17,07/06/17
191,10745755,06/30/17,07/06/17
440,10745755,06/30/17,07/06/17
464,10745755,06/30/17,07/06/17
407,10745755,06/30/17,07/06/17
110,10745755,06/30/17,07/06/17
335,10745755,06/30/17,07/06/17
366,10745755,06/30/17,07/06/17
169,10745755,06/30/17,07/06/17
263,10745755,06/30/17,07/06/17
292,10745755,06/30/17,07/06/17
393,10745755,06/30/17,07/06/17
780,10745755,06/30/17,07/06/17
10,10780061,06/30/17,07/06/17
437,10780061,06/30/17,07/06/17
305,10780061,06/30/17,07/06/17
720,10780061,06/30/17,07/06/17
745,10780061,06/30/17,07/06/17
16,10780061,06/30/17,07/06/17
34,10780061,06/30/17,07/06/17
164,10780061,06/30/17,07/06/17
191,10780061,06/30/17,07/06/17
440,10780061,06/30/17,07/06/17
464,10780061,06/30/17,07/06/17
407,10780061,06/30/17,07/06/17
110,10780061,06/30/17,07/06/17
335,10780061,06/30/17,07/06/17
366,10780061,06/30/17,07/06/17
169,10780061,06/30/17,07/06/17
263,10780061,06/30/17,07/06/17
292,10780061,06/30/17,07/06/17
393,10780061,06/30/17,07/06/17
780,10780061,06/30/17,07/06/17
10,10387802,06/30/17,07/06/17
437,10387802,06/30/17,07/06/17
305,10387802,06/30/17,07/06/17
720,10387802,06/30/17,07/06/17
745,10387802,06/30/17,07/06/17
16,10387802,06/30/17,07/06/17
34,10387802,06/30/17,07/06/17
164,10387802,06/30/17,07/06/17
191,10387802,06/30/17,07/06/17
440,10387802,06/30/17,07/06/17
464,10387802,06/30/17,07/06/17
407,10387802,06/30/17,07/06/17
110,10387802,06/30/17,07/06/17
335,10387802,06/30/17,07/06/17
366,10387802,06/30/17,07/06/17
169,10387802,06/30/17,07/06/17
263,10387802,06/30/17,07/06/17
292,10387802,06/30/17,07/06/17
393,10387802,06/30/17,07/06/17
10,10745770,06/30/17,07/06/17
437,10745770,06/30/17,07/06/17
305,10745770,06/30/17,07/06/17
720,10745770,06/30/17,07/06/17
745,10745770,06/30/17,07/06/17
16,10745770,06/30/17,07/06/17
34,10745770,06/30/17,07/06/17
164,10745770,06/30/17,07/06/17
191,10745770,06/30/17,07/06/17
440,10745770,06/30/17,07/06/17
464,10745770,06/30/17,07/06/17
407,10745770,06/30/17,07/06/17
110,10745770,06/30/17,07/06/17
335,10745770,06/30/17,07/06/17
366,10745770,06/30/17,07/06/17
169,10745770,06/30/17,07/06/17
263,10745770,06/30/17,07/06/17
292,10745770,06/30/17,07/06/17
393,10745770,06/30/17,07/06/17
780,10745770,06/30/17,07/06/17
10,10745110,06/30/17,07/06/17
437,10745110,06/30/17,07/06/17
305,10745110,06/30/17,07/06/17
720,10745110,06/30/17,07/06/17
745,10745110,06/30/17,07/06/17
16,10745110,06/30/17,07/06/17
34,10745110,06/30/17,07/06/17
164,10745110,06/30/17,07/06/17
191,10745110,06/30/17,07/06/17
440,10745110,06/30/17,07/06/17
464,10745110,06/30/17,07/06/17
407,10745110,06/30/17,07/06/17
110,10745110,06/30/17,07/06/17
335,10745110,06/30/17,07/06/17
366,10745110,06/30/17,07/06/17
169,10745110,06/30/17,07/06/17
263,10745110,06/30/17,07/06/17
292,10745110,06/30/17,07/06/17
393,10745110,06/30/17,07/06/17
10,10637439,06/30/17,07/06/17
437,10637439,06/30/17,07/06/17
305,10637439,06/30/17,07/06/17
720,10637439,06/30/17,07/06/17
745,10637439,06/30/17,07/06/17
16,10637439,06/30/17,07/06/17
34,10637439,06/30/17,07/06/17
164,10637439,06/30/17,07/06/17
191,10637439,06/30/17,07/06/17
440,10637439,06/30/17,07/06/17
464,10637439,06/30/17,07/06/17
407,10637439,06/30/17,07/06/17
110,10637439,06/30/17,07/06/17
335,10637439,06/30/17,07/06/17
366,10637439,06/30/17,07/06/17
169,10637439,06/30/17,07/06/17
263,10637439,06/30/17,07/06/17
292,10637439,06/30/17,07/06/17
393,10637439,06/30/17,07/06/17
780,10637439,06/30/17,07/06/17
10,10281223,06/30/17,07/06/17
437,10281223,06/30/17,07/06/17
305,10281223,06/30/17,07/06/17
720,10281223,06/30/17,07/06/17
745,10281223,06/30/17,07/06/17
16,10281223,06/30/17,07/06/17
34,10281223,06/30/17,07/06/17
164,10281223,06/30/17,07/06/17
191,10281223,06/30/17,07/06/17
440,10281223,06/30/17,07/06/17
464,10281223,06/30/17,07/06/17
407,10281223,06/30/17,07/06/17
110,10281223,06/30/17,07/06/17
335,10281223,06/30/17,07/06/17
366,10281223,06/30/17,07/06/17
169,10281223,06/30/17,07/06/17
263,10281223,06/30/17,07/06/17
292,10281223,06/30/17,07/06/17
393,10281223,06/30/17,07/06/17
780,10281223,06/30/17,07/06/17
10,10840068,06/30/17,07/06/17
437,10840068,06/30/17,07/06/17
305,10840068,06/30/17,07/06/17
720,10840068,06/30/17,07/06/17
745,10840068,06/30/17,07/06/17
16,10840068,06/30/17,07/06/17
34,10840068,06/30/17,07/06/17
164,10840068,06/30/17,07/06/17
191,10840068,06/30/17,07/06/17
440,10840068,06/30/17,07/06/17
464,10840068,06/30/17,07/06/17
407,10840068,06/30/17,07/06/17
110,10840068,06/30/17,07/06/17
335,10840068,06/30/17,07/06/17
366,10840068,06/30/17,07/06/17
169,10840068,06/30/17,07/06/17
263,10840068,06/30/17,07/06/17
292,10840068,06/30/17,07/06/17
393,10840068,06/30/17,07/06/17
265,10840068,06/30/17,07/06/17
780,10840068,06/30/17,07/06/17
10,9291793,06/30/17,07/06/17
437,9291793,06/30/17,07/06/17
305,9291793,06/30/17,07/06/17
720,9291793,06/30/17,07/06/17
745,9291793,06/30/17,07/06/17
16,9291793,06/30/17,07/06/17
34,9291793,06/30/17,07/06/17
164,9291793,06/30/17,07/06/17
191,9291793,06/30/17,07/06/17
440,9291793,06/30/17,07/06/17
464,9291793,06/30/17,07/06/17
407,9291793,06/30/17,07/06/17
110,9291793,06/30/17,07/06/17
335,9291793,06/30/17,07/06/17
366,9291793,06/30/17,07/06/17
169,9291793,06/30/17,07/06/17
263,9291793,06/30/17,07/06/17
292,9291793,06/30/17,07/06/17
393,9291793,06/30/17,07/06/17
10,10807188,06/30/17,07/06/17
437,10807188,06/30/17,07/06/17
305,10807188,06/30/17,07/06/17
720,10807188,06/30/17,07/06/17
745,10807188,06/30/17,07/06/17
16,10807188,06/30/17,07/06/17
34,10807188,06/30/17,07/06/17
164,10807188,06/30/17,07/06/17
191,10807188,06/30/17,07/06/17
440,10807188,06/30/17,07/06/17
464,10807188,06/30/17,07/06/17
407,10807188,06/30/17,07/06/17
110,10807188,06/30/17,07/06/17
335,10807188,06/30/17,07/06/17
366,10807188,06/30/17,07/06/17
169,10807188,06/30/17,07/06/17
263,10807188,06/30/17,07/06/17
292,10807188,06/30/17,07/06/17
393,10807188,06/30/17,07/06/17
780,10807188,06/30/17,07/06/17
10,9730009,06/30/17,07/06/17
437,9730009,06/30/17,07/06/17
305,9730009,06/30/17,07/06/17
720,9730009,06/30/17,07/06/17
745,9730009,06/30/17,07/06/17
16,9730009,06/30/17,07/06/17
34,9730009,06/30/17,07/06/17
164,9730009,06/30/17,07/06/17
191,9730009,06/30/17,07/06/17
440,9730009,06/30/17,07/06/17
464,9730009,06/30/17,07/06/17
407,9730009,06/30/17,07/06/17
110,9730009,06/30/17,07/06/17
335,9730009,06/30/17,07/06/17
366,9730009,06/30/17,07/06/17
169,9730009,06/30/17,07/06/17
263,9730009,06/30/17,07/06/17
292,9730009,06/30/17,07/06/17
393,9730009,06/30/17,07/06/17
780,9730009,06/30/17,07/06/17
10,10664690,06/30/17,07/06/17
437,10664690,06/30/17,07/06/17
305,10664690,06/30/17,07/06/17
720,10664690,06/30/17,07/06/17
745,10664690,06/30/17,07/06/17
16,10664690,06/30/17,07/06/17
34,10664690,06/30/17,07/06/17
164,10664690,06/30/17,07/06/17
191,10664690,06/30/17,07/06/17
440,10664690,06/30/17,07/06/17
464,10664690,06/30/17,07/06/17
407,10664690,06/30/17,07/06/17
110,10664690,06/30/17,07/06/17
335,10664690,06/30/17,07/06/17
366,10664690,06/30/17,07/06/17
169,10664690,06/30/17,07/06/17
263,10664690,06/30/17,07/06/17
292,10664690,06/30/17,07/06/17
393,10664690,06/30/17,07/06/17
265,10664690,06/30/17,07/06/17
780,10664690,06/30/17,07/06/17
10,10488575,06/30/17,07/06/17
437,10488575,06/30/17,07/06/17
305,10488575,06/30/17,07/06/17
720,10488575,06/30/17,07/06/17
745,10488575,06/30/17,07/06/17
16,10488575,06/30/17,07/06/17
34,10488575,06/30/17,07/06/17
164,10488575,06/30/17,07/06/17
191,10488575,06/30/17,07/06/17
440,10488575,06/30/17,07/06/17
464,10488575,06/30/17,07/06/17
407,10488575,06/30/17,07/06/17
110,10488575,06/30/17,07/06/17
335,10488575,06/30/17,07/06/17
366,10488575,06/30/17,07/06/17
169,10488575,06/30/17,07/06/17
263,10488575,06/30/17,07/06/17
292,10488575,06/30/17,07/06/17
393,10488575,06/30/17,07/06/17
265,10488575,06/30/17,07/06/17
780,10488575,06/30/17,07/06/17
10,10840461,06/30/17,07/06/17
437,10840461,06/30/17,07/06/17
305,10840461,06/30/17,07/06/17
720,10840461,06/30/17,07/06/17
745,10840461,06/30/17,07/06/17
16,10840461,06/30/17,07/06/17
34,10840461,06/30/17,07/06/17
164,10840461,06/30/17,07/06/17
191,10840461,06/30/17,07/06/17
440,10840461,06/30/17,07/06/17
464,10840461,06/30/17,07/06/17
407,10840461,06/30/17,07/06/17
110,10840461,06/30/17,07/06/17
335,10840461,06/30/17,07/06/17
366,10840461,06/30/17,07/06/17
169,10840461,06/30/17,07/06/17
263,10840461,06/30/17,07/06/17
292,10840461,06/30/17,07/06/17
393,10840461,06/30/17,07/06/17
265,10840461,06/30/17,07/06/17
780,10840461,06/30/17,07/06/17
10,8785911,06/30/17,07/06/17
437,8785911,06/30/17,07/06/17
305,8785911,06/30/17,07/06/17
720,8785911,06/30/17,07/06/17
745,8785911,06/30/17,07/06/17
16,8785911,06/30/17,07/06/17
34,8785911,06/30/17,07/06/17
164,8785911,06/30/17,07/06/17
191,8785911,06/30/17,07/06/17
440,8785911,06/30/17,07/06/17
464,8785911,06/30/17,07/06/17
407,8785911,06/30/17,07/06/17
110,8785911,06/30/17,07/06/17
335,8785911,06/30/17,07/06/17
366,8785911,06/30/17,07/06/17
169,8785911,06/30/17,07/06/17
263,8785911,06/30/17,07/06/17
292,8785911,06/30/17,07/06/17
393,8785911,06/30/17,07/06/17
10,10383261,06/30/17,07/06/17
10,10383250,06/30/17,07/06/17
437,10383261,06/30/17,07/06/17
437,10383250,06/30/17,07/06/17
305,10383261,06/30/17,07/06/17
305,10383250,06/30/17,07/06/17
720,10383261,06/30/17,07/06/17
720,10383250,06/30/17,07/06/17
745,10383261,06/30/17,07/06/17
745,10383250,06/30/17,07/06/17
16,10383261,06/30/17,07/06/17
16,10383250,06/30/17,07/06/17
34,10383261,06/30/17,07/06/17
34,10383250,06/30/17,07/06/17
164,10383261,06/30/17,07/06/17
164,10383250,06/30/17,07/06/17
191,10383261,06/30/17,07/06/17
191,10383250,06/30/17,07/06/17
440,10383261,06/30/17,07/06/17
440,10383250,06/30/17,07/06/17
464,10383261,06/30/17,07/06/17
464,10383250,06/30/17,07/06/17
407,10383261,06/30/17,07/06/17
407,10383250,06/30/17,07/06/17
110,10383261,06/30/17,07/06/17
110,10383250,06/30/17,07/06/17
335,10383261,06/30/17,07/06/17
335,10383250,06/30/17,07/06/17
366,10383261,06/30/17,07/06/17
366,10383250,06/30/17,07/06/17
169,10383261,06/30/17,07/06/17
169,10383250,06/30/17,07/06/17
263,10383261,06/30/17,07/06/17
263,10383250,06/30/17,07/06/17
292,10383261,06/30/17,07/06/17
292,10383250,06/30/17,07/06/17
393,10383261,06/30/17,07/06/17
393,10383250,06/30/17,07/06/17
10,10793197,06/30/17,07/06/17
10,10384910,06/30/17,07/06/17
437,10793197,06/30/17,07/06/17
437,10384910,06/30/17,07/06/17
305,10793197,06/30/17,07/06/17
305,10384910,06/30/17,07/06/17
720,10793197,06/30/17,07/06/17
720,10384910,06/30/17,07/06/17
745,10793197,06/30/17,07/06/17
745,10384910,06/30/17,07/06/17
16,10793197,06/30/17,07/06/17
16,10384910,06/30/17,07/06/17
34,10793197,06/30/17,07/06/17
34,10384910,06/30/17,07/06/17
164,10793197,06/30/17,07/06/17
164,10384910,06/30/17,07/06/17
191,10793197,06/30/17,07/06/17
191,10384910,06/30/17,07/06/17
440,10793197,06/30/17,07/06/17
440,10384910,06/30/17,07/06/17
464,10793197,06/30/17,07/06/17
464,10384910,06/30/17,07/06/17
407,10793197,06/30/17,07/06/17
407,10384910,06/30/17,07/06/17
110,10793197,06/30/17,07/06/17
110,10384910,06/30/17,07/06/17
335,10793197,06/30/17,07/06/17
335,10384910,06/30/17,07/06/17
366,10793197,06/30/17,07/06/17
366,10384910,06/30/17,07/06/17
169,10793197,06/30/17,07/06/17
169,10384910,06/30/17,07/06/17
263,10793197,06/30/17,07/06/17
263,10384910,06/30/17,07/06/17
292,10793197,06/30/17,07/06/17
292,10384910,06/30/17,07/06/17
393,10793197,06/30/17,07/06/17
393,10384910,06/30/17,07/06/17
10,10452835,06/30/17,07/06/17
437,10452835,06/30/17,07/06/17
305,10452835,06/30/17,07/06/17
720,10452835,06/30/17,07/06/17
745,10452835,06/30/17,07/06/17
16,10452835,06/30/17,07/06/17
34,10452835,06/30/17,07/06/17
164,10452835,06/30/17,07/06/17
191,10452835,06/30/17,07/06/17
440,10452835,06/30/17,07/06/17
464,10452835,06/30/17,07/06/17
407,10452835,06/30/17,07/06/17
110,10452835,06/30/17,07/06/17
335,10452835,06/30/17,07/06/17
366,10452835,06/30/17,07/06/17
169,10452835,06/30/17,07/06/17
263,10452835,06/30/17,07/06/17
292,10452835,06/30/17,07/06/17
393,10452835,06/30/17,07/06/17
780,10452835,06/30/17,07/06/17
265,8785911,06/30/17,07/06/17
10,8148160,06/30/17,07/06/17
10,8147907,06/30/17,07/06/17
437,8148160,06/30/17,07/06/17
437,8147907,06/30/17,07/06/17
305,8148160,06/30/17,07/06/17
305,8147907,06/30/17,07/06/17
720,8148160,06/30/17,07/06/17
720,8147907,06/30/17,07/06/17
745,8148160,06/30/17,07/06/17
745,8147907,06/30/17,07/06/17
16,8148160,06/30/17,07/06/17
16,8147907,06/30/17,07/06/17
34,8148160,06/30/17,07/06/17
34,8147907,06/30/17,07/06/17
164,8148160,06/30/17,07/06/17
164,8147907,06/30/17,07/06/17
191,8148160,06/30/17,07/06/17
191,8147907,06/30/17,07/06/17
440,8148160,06/30/17,07/06/17
440,8147907,06/30/17,07/06/17
464,8148160,06/30/17,07/06/17
464,8147907,06/30/17,07/06/17
407,8148160,06/30/17,07/06/17
407,8147907,06/30/17,07/06/17
110,8148160,06/30/17,07/06/17
110,8147907,06/30/17,07/06/17
335,8148160,06/30/17,07/06/17
335,8147907,06/30/17,07/06/17
366,8148160,06/30/17,07/06/17
366,8147907,06/30/17,07/06/17
169,8148160,06/30/17,07/06/17
169,8147907,06/30/17,07/06/17
263,8148160,06/30/17,07/06/17
263,8147907,06/30/17,07/06/17
292,8148160,06/30/17,07/06/17
292,8147907,06/30/17,07/06/17
393,8148160,06/30/17,07/06/17
393,8147907,06/30/17,07/06/17
265,8148160,06/30/17,07/06/17
265,8147907,06/30/17,07/06/17
751,8148160,06/30/17,07/06/17
751,8147907,06/30/17,07/06/17
398,8148160,06/30/17,07/06/17
398,8147907,06/30/17,07/06/17
236,8148160,06/30/17,07/06/17
236,8147907,06/30/17,07/06/17
274,8148160,06/30/17,07/06/17
274,8147907,06/30/17,07/06/17
409,8148160,06/30/17,07/06/17
409,8147907,06/30/17,07/06/17
722,8148160,06/30/17,07/06/17
722,8147907,06/30/17,07/06/17
67,8148160,06/30/17,07/06/17
67,8147907,06/30/17,07/06/17
730,8148160,06/30/17,07/06/17
730,8147907,06/30/17,07/06/17
55,8148160,06/30/17,07/06/17
55,8147907,06/30/17,07/06/17
93,8148160,06/30/17,07/06/17
93,8147907,06/30/17,07/06/17
481,8148160,06/30/17,07/06/17
481,8147907,06/30/17,07/06/17
490,8148160,06/30/17,07/06/17
490,8147907,06/30/17,07/06/17
10,"9524081",06/30/17,07/06/17
437,"9524081",06/30/17,07/06/17
305,"9524081",06/30/17,07/06/17
720,"9524081",06/30/17,07/06/17
745,"9524081",06/30/17,07/06/17
16,"9524081",06/30/17,07/06/17
34,"9524081",06/30/17,07/06/17
164,"9524081",06/30/17,07/06/17
191,"9524081",06/30/17,07/06/17
440,"9524081",06/30/17,07/06/17
464,"9524081",06/30/17,07/06/17
407,"9524081",06/30/17,07/06/17
110,"9524081",06/30/17,07/06/17
335,"9524081",06/30/17,07/06/17
366,"9524081",06/30/17,07/06/17
169,"9524081",06/30/17,07/06/17
263,"9524081",06/30/17,07/06/17
292,"9524081",06/30/17,07/06/17
393,"9524081",06/30/17,07/06/17
265,"9524081",06/30/17,07/06/17
751,"9524081",06/30/17,07/06/17
398,"9524081",06/30/17,07/06/17
236,"9524081",06/30/17,07/06/17
274,"9524081",06/30/17,07/06/17
409,"9524081",06/30/17,07/06/17
722,"9524081",06/30/17,07/06/17
67,"9524081",06/30/17,07/06/17
730,"9524081",06/30/17,07/06/17
55,"9524081",06/30/17,07/06/17
93,"9524081",06/30/17,07/06/17
481,"9524081",06/30/17,07/06/17
490,"9524081",06/30/17,07/06/17
10,8607593,06/30/17,07/06/17
10,10346431,06/30/17,07/06/17
437,8607593,06/30/17,07/06/17
437,10346431,06/30/17,07/06/17
305,8607593,06/30/17,07/06/17
305,10346431,06/30/17,07/06/17
720,8607593,06/30/17,07/06/17
720,10346431,06/30/17,07/06/17
745,8607593,06/30/17,07/06/17
745,10346431,06/30/17,07/06/17
16,8607593,06/30/17,07/06/17
16,10346431,06/30/17,07/06/17
34,8607593,06/30/17,07/06/17
34,10346431,06/30/17,07/06/17
164,8607593,06/30/17,07/06/17
164,10346431,06/30/17,07/06/17
191,8607593,06/30/17,07/06/17
191,10346431,06/30/17,07/06/17
440,8607593,06/30/17,07/06/17
440,10346431,06/30/17,07/06/17
464,8607593,06/30/17,07/06/17
464,10346431,06/30/17,07/06/17
407,8607593,06/30/17,07/06/17
407,10346431,06/30/17,07/06/17
110,8607593,06/30/17,07/06/17
110,10346431,06/30/17,07/06/17
335,8607593,06/30/17,07/06/17
335,10346431,06/30/17,07/06/17
366,8607593,06/30/17,07/06/17
366,10346431,06/30/17,07/06/17
169,8607593,06/30/17,07/06/17
169,10346431,06/30/17,07/06/17
263,8607593,06/30/17,07/06/17
263,10346431,06/30/17,07/06/17
292,8607593,06/30/17,07/06/17
292,10346431,06/30/17,07/06/17
393,8607593,06/30/17,07/06/17
393,10346431,06/30/17,07/06/17
265,8607593,06/30/17,07/06/17
265,10346431,06/30/17,07/06/17
751,8607593,06/30/17,07/06/17
751,10346431,06/30/17,07/06/17
398,8607593,06/30/17,07/06/17
398,10346431,06/30/17,07/06/17
236,8607593,06/30/17,07/06/17
236,10346431,06/30/17,07/06/17
274,8607593,06/30/17,07/06/17
274,10346431,06/30/17,07/06/17
409,8607593,06/30/17,07/06/17
409,10346431,06/30/17,07/06/17
722,8607593,06/30/17,07/06/17
722,10346431,06/30/17,07/06/17
67,8607593,06/30/17,07/06/17
67,10346431,06/30/17,07/06/17
730,8607593,06/30/17,07/06/17
730,10346431,06/30/17,07/06/17
55,8607593,06/30/17,07/06/17
55,10346431,06/30/17,07/06/17
93,8607593,06/30/17,07/06/17
93,10346431,06/30/17,07/06/17
481,8607593,06/30/17,07/06/17
481,10346431,06/30/17,07/06/17
490,8607593,06/30/17,07/06/17
490,10346431,06/30/17,07/06/17
10,10321937,06/30/17,07/06/17
10,10321940,06/30/17,07/06/17
437,10321937,06/30/17,07/06/17
437,10321940,06/30/17,07/06/17
305,10321937,06/30/17,07/06/17
305,10321940,06/30/17,07/06/17
720,10321937,06/30/17,07/06/17
720,10321940,06/30/17,07/06/17
745,10321937,06/30/17,07/06/17
745,10321940,06/30/17,07/06/17
16,10321937,06/30/17,07/06/17
16,10321940,06/30/17,07/06/17
34,10321937,06/30/17,07/06/17
34,10321940,06/30/17,07/06/17
164,10321937,06/30/17,07/06/17
164,10321940,06/30/17,07/06/17
191,10321937,06/30/17,07/06/17
191,10321940,06/30/17,07/06/17
440,10321937,06/30/17,07/06/17
440,10321940,06/30/17,07/06/17
464,10321937,06/30/17,07/06/17
464,10321940,06/30/17,07/06/17
407,10321937,06/30/17,07/06/17
407,10321940,06/30/17,07/06/17
110,10321937,06/30/17,07/06/17
110,10321940,06/30/17,07/06/17
335,10321937,06/30/17,07/06/17
335,10321940,06/30/17,07/06/17
366,10321937,06/30/17,07/06/17
366,10321940,06/30/17,07/06/17
169,10321937,06/30/17,07/06/17
169,10321940,06/30/17,07/06/17
263,10321937,06/30/17,07/06/17
263,10321940,06/30/17,07/06/17
292,10321937,06/30/17,07/06/17
292,10321940,06/30/17,07/06/17
393,10321937,06/30/17,07/06/17
393,10321940,06/30/17,07/06/17
265,10321937,06/30/17,07/06/17
265,10321940,06/30/17,07/06/17
751,10321937,06/30/17,07/06/17
751,10321940,06/30/17,07/06/17
398,10321937,06/30/17,07/06/17
398,10321940,06/30/17,07/06/17
236,10321937,06/30/17,07/06/17
236,10321940,06/30/17,07/06/17
274,10321937,06/30/17,07/06/17
274,10321940,06/30/17,07/06/17
409,10321937,06/30/17,07/06/17
409,10321940,06/30/17,07/06/17
722,10321937,06/30/17,07/06/17
722,10321940,06/30/17,07/06/17
67,10321937,06/30/17,07/06/17
67,10321940,06/30/17,07/06/17
730,10321937,06/30/17,07/06/17
730,10321940,06/30/17,07/06/17
55,10321937,06/30/17,07/06/17
55,10321940,06/30/17,07/06/17
93,10321937,06/30/17,07/06/17
93,10321940,06/30/17,07/06/17
481,10321937,06/30/17,07/06/17
481,10321940,06/30/17,07/06/17
490,10321937,06/30/17,07/06/17
490,10321940,06/30/17,07/06/17
10,10316779,06/30/17,07/06/17
10,10316780,06/30/17,07/06/17
437,10316779,06/30/17,07/06/17
437,10316780,06/30/17,07/06/17
305,10316779,06/30/17,07/06/17
305,10316780,06/30/17,07/06/17
720,10316779,06/30/17,07/06/17
720,10316780,06/30/17,07/06/17
745,10316779,06/30/17,07/06/17
745,10316780,06/30/17,07/06/17
16,10316779,06/30/17,07/06/17
16,10316780,06/30/17,07/06/17
34,10316779,06/30/17,07/06/17
34,10316780,06/30/17,07/06/17
164,10316779,06/30/17,07/06/17
164,10316780,06/30/17,07/06/17
191,10316779,06/30/17,07/06/17
191,10316780,06/30/17,07/06/17
440,10316779,06/30/17,07/06/17
440,10316780,06/30/17,07/06/17
464,10316779,06/30/17,07/06/17
464,10316780,06/30/17,07/06/17
407,10316779,06/30/17,07/06/17
407,10316780,06/30/17,07/06/17
110,10316779,06/30/17,07/06/17
110,10316780,06/30/17,07/06/17
335,10316779,06/30/17,07/06/17
335,10316780,06/30/17,07/06/17
366,10316779,06/30/17,07/06/17
366,10316780,06/30/17,07/06/17
169,10316779,06/30/17,07/06/17
169,10316780,06/30/17,07/06/17
263,10316779,06/30/17,07/06/17
263,10316780,06/30/17,07/06/17
292,10316779,06/30/17,07/06/17
292,10316780,06/30/17,07/06/17
393,10316779,06/30/17,07/06/17
393,10316780,06/30/17,07/06/17
265,10316779,06/30/17,07/06/17
265,10316780,06/30/17,07/06/17
751,10316779,06/30/17,07/06/17
751,10316780,06/30/17,07/06/17
398,10316779,06/30/17,07/06/17
398,10316780,06/30/17,07/06/17
236,10316779,06/30/17,07/06/17
236,10316780,06/30/17,07/06/17
274,10316779,06/30/17,07/06/17
274,10316780,06/30/17,07/06/17
409,10316779,06/30/17,07/06/17
409,10316780,06/30/17,07/06/17
722,10316779,06/30/17,07/06/17
722,10316780,06/30/17,07/06/17
67,10316779,06/30/17,07/06/17
67,10316780,06/30/17,07/06/17
730,10316779,06/30/17,07/06/17
730,10316780,06/30/17,07/06/17
55,10316779,06/30/17,07/06/17
55,10316780,06/30/17,07/06/17
93,10316779,06/30/17,07/06/17
93,10316780,06/30/17,07/06/17
481,10316779,06/30/17,07/06/17
481,10316780,06/30/17,07/06/17
490,10316779,06/30/17,07/06/17
490,10316780,06/30/17,07/06/17
10,9552146,06/30/17,07/06/17
437,9552146,06/30/17,07/06/17
305,9552146,06/30/17,07/06/17
720,9552146,06/30/17,07/06/17
745,9552146,06/30/17,07/06/17
16,9552146,06/30/17,07/06/17
34,9552146,06/30/17,07/06/17
164,9552146,06/30/17,07/06/17
191,9552146,06/30/17,07/06/17
440,9552146,06/30/17,07/06/17
464,9552146,06/30/17,07/06/17
407,9552146,06/30/17,07/06/17
110,9552146,06/30/17,07/06/17
335,9552146,06/30/17,07/06/17
366,9552146,06/30/17,07/06/17
169,9552146,06/30/17,07/06/17
263,9552146,06/30/17,07/06/17
292,9552146,06/30/17,07/06/17
393,9552146,06/30/17,07/06/17
265,9552146,06/30/17,07/06/17
751,9552146,06/30/17,07/06/17
398,9552146,06/30/17,07/06/17
236,9552146,06/30/17,07/06/17
274,9552146,06/30/17,07/06/17
409,9552146,06/30/17,07/06/17
722,9552146,06/30/17,07/06/17
67,9552146,06/30/17,07/06/17
730,9552146,06/30/17,07/06/17
55,9552146,06/30/17,07/06/17
93,9552146,06/30/17,07/06/17
481,9552146,06/30/17,07/06/17
490,9552146,06/30/17,07/06/17
10,6079506,06/30/17,07/06/17
10,4508888,06/30/17,07/06/17
10,6079654,06/30/17,07/06/17
437,6079506,06/30/17,07/06/17
437,4508888,06/30/17,07/06/17
437,6079654,06/30/17,07/06/17
305,6079506,06/30/17,07/06/17
305,4508888,06/30/17,07/06/17
305,6079654,06/30/17,07/06/17
720,6079506,06/30/17,07/06/17
720,4508888,06/30/17,07/06/17
720,6079654,06/30/17,07/06/17
745,6079506,06/30/17,07/06/17
745,4508888,06/30/17,07/06/17
745,6079654,06/30/17,07/06/17
16,6079506,06/30/17,07/06/17
16,4508888,06/30/17,07/06/17
16,6079654,06/30/17,07/06/17
34,6079506,06/30/17,07/06/17
34,4508888,06/30/17,07/06/17
34,6079654,06/30/17,07/06/17
164,6079506,06/30/17,07/06/17
164,4508888,06/30/17,07/06/17
164,6079654,06/30/17,07/06/17
191,6079506,06/30/17,07/06/17
191,4508888,06/30/17,07/06/17
191,6079654,06/30/17,07/06/17
440,6079506,06/30/17,07/06/17
440,4508888,06/30/17,07/06/17
440,6079654,06/30/17,07/06/17
464,6079506,06/30/17,07/06/17
464,4508888,06/30/17,07/06/17
464,6079654,06/30/17,07/06/17
407,6079506,06/30/17,07/06/17
407,4508888,06/30/17,07/06/17
407,6079654,06/30/17,07/06/17
110,6079506,06/30/17,07/06/17
110,4508888,06/30/17,07/06/17
110,6079654,06/30/17,07/06/17
335,6079506,06/30/17,07/06/17
335,4508888,06/30/17,07/06/17
335,6079654,06/30/17,07/06/17
366,6079506,06/30/17,07/06/17
366,4508888,06/30/17,07/06/17
366,6079654,06/30/17,07/06/17
169,6079506,06/30/17,07/06/17
169,4508888,06/30/17,07/06/17
169,6079654,06/30/17,07/06/17
263,6079506,06/30/17,07/06/17
263,4508888,06/30/17,07/06/17
263,6079654,06/30/17,07/06/17
292,6079506,06/30/17,07/06/17
292,4508888,06/30/17,07/06/17
292,6079654,06/30/17,07/06/17
393,6079506,06/30/17,07/06/17
393,4508888,06/30/17,07/06/17
393,6079654,06/30/17,07/06/17
265,6079506,06/30/17,07/06/17
265,4508888,06/30/17,07/06/17
265,6079654,06/30/17,07/06/17
751,6079506,06/30/17,07/06/17
751,4508888,06/30/17,07/06/17
751,6079654,06/30/17,07/06/17
398,6079506,06/30/17,07/06/17
398,4508888,06/30/17,07/06/17
398,6079654,06/30/17,07/06/17
236,6079506,06/30/17,07/06/17
236,4508888,06/30/17,07/06/17
236,6079654,06/30/17,07/06/17
274,6079506,06/30/17,07/06/17
274,4508888,06/30/17,07/06/17
274,6079654,06/30/17,07/06/17
409,6079506,06/30/17,07/06/17
409,4508888,06/30/17,07/06/17
409,6079654,06/30/17,07/06/17
722,6079506,06/30/17,07/06/17
722,4508888,06/30/17,07/06/17
722,6079654,06/30/17,07/06/17
67,6079506,06/30/17,07/06/17
67,4508888,06/30/17,07/06/17
67,6079654,06/30/17,07/06/17
730,6079506,06/30/17,07/06/17
730,4508888,06/30/17,07/06/17
730,6079654,06/30/17,07/06/17
55,6079506,06/30/17,07/06/17
55,4508888,06/30/17,07/06/17
55,6079654,06/30/17,07/06/17
93,6079506,06/30/17,07/06/17
93,4508888,06/30/17,07/06/17
93,6079654,06/30/17,07/06/17
490,6079506,06/30/17,07/06/17
490,4508888,06/30/17,07/06/17
490,6079654,06/30/17,07/06/17
481,6079506,06/30/17,07/06/17
481,4508888,06/30/17,07/06/17
481,6079654,06/30/17,07/06/17
10,7805306,06/30/17,07/06/17
10,10470271,06/30/17,07/06/17
10,10470295,06/30/17,07/06/17
437,7805306,06/30/17,07/06/17
437,10470271,06/30/17,07/06/17
437,10470295,06/30/17,07/06/17
305,7805306,06/30/17,07/06/17
305,10470271,06/30/17,07/06/17
305,10470295,06/30/17,07/06/17
720,7805306,06/30/17,07/06/17
720,10470271,06/30/17,07/06/17
720,10470295,06/30/17,07/06/17
745,7805306,06/30/17,07/06/17
745,10470271,06/30/17,07/06/17
745,10470295,06/30/17,07/06/17
16,7805306,06/30/17,07/06/17
16,10470271,06/30/17,07/06/17
16,10470295,06/30/17,07/06/17
34,7805306,06/30/17,07/06/17
34,10470271,06/30/17,07/06/17
34,10470295,06/30/17,07/06/17
164,7805306,06/30/17,07/06/17
164,10470271,06/30/17,07/06/17
164,10470295,06/30/17,07/06/17
191,7805306,06/30/17,07/06/17
191,10470271,06/30/17,07/06/17
191,10470295,06/30/17,07/06/17
440,7805306,06/30/17,07/06/17
440,10470271,06/30/17,07/06/17
440,10470295,06/30/17,07/06/17
464,7805306,06/30/17,07/06/17
464,10470271,06/30/17,07/06/17
464,10470295,06/30/17,07/06/17
407,7805306,06/30/17,07/06/17
407,10470271,06/30/17,07/06/17
407,10470295,06/30/17,07/06/17
110,7805306,06/30/17,07/06/17
110,10470271,06/30/17,07/06/17
110,10470295,06/30/17,07/06/17
335,7805306,06/30/17,07/06/17
335,10470271,06/30/17,07/06/17
335,10470295,06/30/17,07/06/17
366,7805306,06/30/17,07/06/17
366,10470271,06/30/17,07/06/17
366,10470295,06/30/17,07/06/17
169,7805306,06/30/17,07/06/17
169,10470271,06/30/17,07/06/17
169,10470295,06/30/17,07/06/17
263,7805306,06/30/17,07/06/17
263,10470271,06/30/17,07/06/17
263,10470295,06/30/17,07/06/17
292,7805306,06/30/17,07/06/17
292,10470271,06/30/17,07/06/17
292,10470295,06/30/17,07/06/17
393,7805306,06/30/17,07/06/17
393,10470271,06/30/17,07/06/17
393,10470295,06/30/17,07/06/17
265,7805306,06/30/17,07/06/17
265,10470271,06/30/17,07/06/17
265,10470295,06/30/17,07/06/17
751,7805306,06/30/17,07/06/17
751,10470271,06/30/17,07/06/17
751,10470295,06/30/17,07/06/17
398,7805306,06/30/17,07/06/17
398,10470271,06/30/17,07/06/17
398,10470295,06/30/17,07/06/17
236,7805306,06/30/17,07/06/17
236,10470271,06/30/17,07/06/17
236,10470295,06/30/17,07/06/17
274,7805306,06/30/17,07/06/17
274,10470271,06/30/17,07/06/17
274,10470295,06/30/17,07/06/17
409,7805306,06/30/17,07/06/17
409,10470271,06/30/17,07/06/17
409,10470295,06/30/17,07/06/17
722,7805306,06/30/17,07/06/17
722,10470271,06/30/17,07/06/17
722,10470295,06/30/17,07/06/17
67,7805306,06/30/17,07/06/17
67,10470271,06/30/17,07/06/17
67,10470295,06/30/17,07/06/17
730,7805306,06/30/17,07/06/17
730,10470271,06/30/17,07/06/17
730,10470295,06/30/17,07/06/17
55,7805306,06/30/17,07/06/17
55,10470271,06/30/17,07/06/17
55,10470295,06/30/17,07/06/17
93,7805306,06/30/17,07/06/17
93,10470271,06/30/17,07/06/17
93,10470295,06/30/17,07/06/17
481,7805306,06/30/17,07/06/17
481,10470271,06/30/17,07/06/17
481,10470295,06/30/17,07/06/17
490,7805306,06/30/17,07/06/17
490,10470271,06/30/17,07/06/17
490,10470295,06/30/17,07/06/17
10,8541661,06/30/17,07/06/17
10,10470207,06/30/17,07/06/17
10,10408917,06/30/17,07/06/17
437,8541661,06/30/17,07/06/17
437,10470207,06/30/17,07/06/17
437,10408917,06/30/17,07/06/17
305,8541661,06/30/17,07/06/17
305,10470207,06/30/17,07/06/17
305,10408917,06/30/17,07/06/17
720,8541661,06/30/17,07/06/17
720,10470207,06/30/17,07/06/17
720,10408917,06/30/17,07/06/17
745,8541661,06/30/17,07/06/17
745,10470207,06/30/17,07/06/17
745,10408917,06/30/17,07/06/17
16,8541661,06/30/17,07/06/17
16,10470207,06/30/17,07/06/17
16,10408917,06/30/17,07/06/17
34,8541661,06/30/17,07/06/17
34,10470207,06/30/17,07/06/17
34,10408917,06/30/17,07/06/17
164,8541661,06/30/17,07/06/17
164,10470207,06/30/17,07/06/17
164,10408917,06/30/17,07/06/17
191,8541661,06/30/17,07/06/17
191,10470207,06/30/17,07/06/17
191,10408917,06/30/17,07/06/17
440,8541661,06/30/17,07/06/17
440,10470207,06/30/17,07/06/17
440,10408917,06/30/17,07/06/17
464,8541661,06/30/17,07/06/17
464,10470207,06/30/17,07/06/17
464,10408917,06/30/17,07/06/17
407,8541661,06/30/17,07/06/17
407,10470207,06/30/17,07/06/17
407,10408917,06/30/17,07/06/17
110,8541661,06/30/17,07/06/17
110,10470207,06/30/17,07/06/17
110,10408917,06/30/17,07/06/17
335,8541661,06/30/17,07/06/17
335,10470207,06/30/17,07/06/17
335,10408917,06/30/17,07/06/17
366,8541661,06/30/17,07/06/17
366,10470207,06/30/17,07/06/17
366,10408917,06/30/17,07/06/17
169,8541661,06/30/17,07/06/17
169,10470207,06/30/17,07/06/17
169,10408917,06/30/17,07/06/17
263,8541661,06/30/17,07/06/17
263,10470207,06/30/17,07/06/17
263,10408917,06/30/17,07/06/17
292,8541661,06/30/17,07/06/17
292,10470207,06/30/17,07/06/17
292,10408917,06/30/17,07/06/17
393,8541661,06/30/17,07/06/17
393,10470207,06/30/17,07/06/17
393,10408917,06/30/17,07/06/17
265,8541661,06/30/17,07/06/17
265,10470207,06/30/17,07/06/17
265,10408917,06/30/17,07/06/17
751,8541661,06/30/17,07/06/17
751,10470207,06/30/17,07/06/17
751,10408917,06/30/17,07/06/17
398,8541661,06/30/17,07/06/17
398,10470207,06/30/17,07/06/17
398,10408917,06/30/17,07/06/17
236,8541661,06/30/17,07/06/17
236,10470207,06/30/17,07/06/17
236,10408917,06/30/17,07/06/17
274,8541661,06/30/17,07/06/17
274,10470207,06/30/17,07/06/17
274,10408917,06/30/17,07/06/17
409,8541661,06/30/17,07/06/17
409,10470207,06/30/17,07/06/17
409,10408917,06/30/17,07/06/17
722,8541661,06/30/17,07/06/17
722,10470207,06/30/17,07/06/17
722,10408917,06/30/17,07/06/17
67,8541661,06/30/17,07/06/17
67,10470207,06/30/17,07/06/17
67,10408917,06/30/17,07/06/17
730,8541661,06/30/17,07/06/17
730,10470207,06/30/17,07/06/17
730,10408917,06/30/17,07/06/17
55,8541661,06/30/17,07/06/17
55,10470207,06/30/17,07/06/17
55,10408917,06/30/17,07/06/17
93,8541661,06/30/17,07/06/17
93,10470207,06/30/17,07/06/17
93,10408917,06/30/17,07/06/17
490,8541661,06/30/17,07/06/17
490,10470207,06/30/17,07/06/17
490,10408917,06/30/17,07/06/17
481,8541661,06/30/17,07/06/17
481,10470207,06/30/17,07/06/17
481,10408917,06/30/17,07/06/17
10,5578441,06/30/17,07/06/17
10,8542493,06/30/17,07/06/17
10,6088438,06/30/17,07/06/17
437,5578441,06/30/17,07/06/17
437,8542493,06/30/17,07/06/17
437,6088438,06/30/17,07/06/17
305,5578441,06/30/17,07/06/17
305,8542493,06/30/17,07/06/17
305,6088438,06/30/17,07/06/17
720,5578441,06/30/17,07/06/17
720,8542493,06/30/17,07/06/17
720,6088438,06/30/17,07/06/17
745,5578441,06/30/17,07/06/17
745,8542493,06/30/17,07/06/17
745,6088438,06/30/17,07/06/17
16,5578441,06/30/17,07/06/17
16,8542493,06/30/17,07/06/17
16,6088438,06/30/17,07/06/17
34,5578441,06/30/17,07/06/17
34,8542493,06/30/17,07/06/17
34,6088438,06/30/17,07/06/17
164,5578441,06/30/17,07/06/17
164,8542493,06/30/17,07/06/17
164,6088438,06/30/17,07/06/17
191,5578441,06/30/17,07/06/17
191,8542493,06/30/17,07/06/17
191,6088438,06/30/17,07/06/17
440,5578441,06/30/17,07/06/17
440,8542493,06/30/17,07/06/17
440,6088438,06/30/17,07/06/17
464,5578441,06/30/17,07/06/17
464,8542493,06/30/17,07/06/17
464,6088438,06/30/17,07/06/17
407,5578441,06/30/17,07/06/17
407,8542493,06/30/17,07/06/17
407,6088438,06/30/17,07/06/17
110,5578441,06/30/17,07/06/17
110,8542493,06/30/17,07/06/17
110,6088438,06/30/17,07/06/17
335,5578441,06/30/17,07/06/17
335,8542493,06/30/17,07/06/17
335,6088438,06/30/17,07/06/17
366,5578441,06/30/17,07/06/17
366,8542493,06/30/17,07/06/17
366,6088438,06/30/17,07/06/17
169,5578441,06/30/17,07/06/17
169,8542493,06/30/17,07/06/17
169,6088438,06/30/17,07/06/17
263,5578441,06/30/17,07/06/17
263,8542493,06/30/17,07/06/17
263,6088438,06/30/17,07/06/17
292,5578441,06/30/17,07/06/17
292,8542493,06/30/17,07/06/17
292,6088438,06/30/17,07/06/17
393,5578441,06/30/17,07/06/17
393,8542493,06/30/17,07/06/17
393,6088438,06/30/17,07/06/17
265,5578441,06/30/17,07/06/17
265,8542493,06/30/17,07/06/17
265,6088438,06/30/17,07/06/17
751,5578441,06/30/17,07/06/17
751,8542493,06/30/17,07/06/17
751,6088438,06/30/17,07/06/17
398,5578441,06/30/17,07/06/17
398,8542493,06/30/17,07/06/17
398,6088438,06/30/17,07/06/17
236,5578441,06/30/17,07/06/17
236,8542493,06/30/17,07/06/17
236,6088438,06/30/17,07/06/17
274,5578441,06/30/17,07/06/17
274,8542493,06/30/17,07/06/17
274,6088438,06/30/17,07/06/17
409,5578441,06/30/17,07/06/17
409,8542493,06/30/17,07/06/17
409,6088438,06/30/17,07/06/17
722,5578441,06/30/17,07/06/17
722,8542493,06/30/17,07/06/17
722,6088438,06/30/17,07/06/17
67,5578441,06/30/17,07/06/17
67,8542493,06/30/17,07/06/17
67,6088438,06/30/17,07/06/17
730,5578441,06/30/17,07/06/17
730,8542493,06/30/17,07/06/17
730,6088438,06/30/17,07/06/17
55,5578441,06/30/17,07/06/17
55,8542493,06/30/17,07/06/17
55,6088438,06/30/17,07/06/17
93,5578441,06/30/17,07/06/17
93,8542493,06/30/17,07/06/17
93,6088438,06/30/17,07/06/17
481,5578441,06/30/17,07/06/17
481,8542493,06/30/17,07/06/17
481,6088438,06/30/17,07/06/17
490,5578441,06/30/17,07/06/17
490,8542493,06/30/17,07/06/17
490,6088438,06/30/17,07/06/17
10,8309220,06/30/17,07/06/17
10,8851289,06/30/17,07/06/17
437,8309220,06/30/17,07/06/17
437,8851289,06/30/17,07/06/17
305,8309220,06/30/17,07/06/17
305,8851289,06/30/17,07/06/17
720,8309220,06/30/17,07/06/17
720,8851289,06/30/17,07/06/17
745,8309220,06/30/17,07/06/17
745,8851289,06/30/17,07/06/17
16,8309220,06/30/17,07/06/17
16,8851289,06/30/17,07/06/17
34,8309220,06/30/17,07/06/17
34,8851289,06/30/17,07/06/17
164,8309220,06/30/17,07/06/17
164,8851289,06/30/17,07/06/17
191,8309220,06/30/17,07/06/17
191,8851289,06/30/17,07/06/17
440,8309220,06/30/17,07/06/17
440,8851289,06/30/17,07/06/17
464,8309220,06/30/17,07/06/17
464,8851289,06/30/17,07/06/17
407,8309220,06/30/17,07/06/17
407,8851289,06/30/17,07/06/17
110,8309220,06/30/17,07/06/17
110,8851289,06/30/17,07/06/17
335,8309220,06/30/17,07/06/17
335,8851289,06/30/17,07/06/17
366,8309220,06/30/17,07/06/17
366,8851289,06/30/17,07/06/17
169,8309220,06/30/17,07/06/17
169,8851289,06/30/17,07/06/17
263,8309220,06/30/17,07/06/17
263,8851289,06/30/17,07/06/17
292,8309220,06/30/17,07/06/17
292,8851289,06/30/17,07/06/17
393,8309220,06/30/17,07/06/17
393,8851289,06/30/17,07/06/17
265,8309220,06/30/17,07/06/17
265,8851289,06/30/17,07/06/17
751,8309220,06/30/17,07/06/17
751,8851289,06/30/17,07/06/17
398,8309220,06/30/17,07/06/17
398,8851289,06/30/17,07/06/17
236,8309220,06/30/17,07/06/17
236,8851289,06/30/17,07/06/17
274,8309220,06/30/17,07/06/17
274,8851289,06/30/17,07/06/17
409,8309220,06/30/17,07/06/17
409,8851289,06/30/17,07/06/17
722,8309220,06/30/17,07/06/17
722,8851289,06/30/17,07/06/17
67,8309220,06/30/17,07/06/17
67,8851289,06/30/17,07/06/17
730,8309220,06/30/17,07/06/17
730,8851289,06/30/17,07/06/17
55,8309220,06/30/17,07/06/17
55,8851289,06/30/17,07/06/17
93,8309220,06/30/17,07/06/17
93,8851289,06/30/17,07/06/17
490,8309220,06/30/17,07/06/17
490,8851289,06/30/17,07/06/17
481,8309220,06/30/17,07/06/17
481,8851289,06/30/17,07/06/17
10,6534232,06/30/17,07/06/17
10,7616719,06/30/17,07/06/17
437,6534232,06/30/17,07/06/17
437,7616719,06/30/17,07/06/17
305,6534232,06/30/17,07/06/17
305,7616719,06/30/17,07/06/17
720,6534232,06/30/17,07/06/17
720,7616719,06/30/17,07/06/17
745,6534232,06/30/17,07/06/17
745,7616719,06/30/17,07/06/17
16,6534232,06/30/17,07/06/17
16,7616719,06/30/17,07/06/17
34,6534232,06/30/17,07/06/17
34,7616719,06/30/17,07/06/17
164,6534232,06/30/17,07/06/17
164,7616719,06/30/17,07/06/17
191,6534232,06/30/17,07/06/17
191,7616719,06/30/17,07/06/17
440,6534232,06/30/17,07/06/17
440,7616719,06/30/17,07/06/17
464,6534232,06/30/17,07/06/17
464,7616719,06/30/17,07/06/17
407,6534232,06/30/17,07/06/17
407,7616719,06/30/17,07/06/17
110,6534232,06/30/17,07/06/17
110,7616719,06/30/17,07/06/17
335,6534232,06/30/17,07/06/17
335,7616719,06/30/17,07/06/17
366,6534232,06/30/17,07/06/17
366,7616719,06/30/17,07/06/17
169,6534232,06/30/17,07/06/17
169,7616719,06/30/17,07/06/17
263,6534232,06/30/17,07/06/17
263,7616719,06/30/17,07/06/17
292,6534232,06/30/17,07/06/17
292,7616719,06/30/17,07/06/17
393,6534232,06/30/17,07/06/17
393,7616719,06/30/17,07/06/17
265,6534232,06/30/17,07/06/17
265,7616719,06/30/17,07/06/17
751,6534232,06/30/17,07/06/17
751,7616719,06/30/17,07/06/17
398,6534232,06/30/17,07/06/17
398,7616719,06/30/17,07/06/17
236,6534232,06/30/17,07/06/17
236,7616719,06/30/17,07/06/17
274,6534232,06/30/17,07/06/17
274,7616719,06/30/17,07/06/17
409,6534232,06/30/17,07/06/17
409,7616719,06/30/17,07/06/17
722,6534232,06/30/17,07/06/17
722,7616719,06/30/17,07/06/17
67,6534232,06/30/17,07/06/17
67,7616719,06/30/17,07/06/17
730,6534232,06/30/17,07/06/17
730,7616719,06/30/17,07/06/17
55,6534232,06/30/17,07/06/17
55,7616719,06/30/17,07/06/17
93,6534232,06/30/17,07/06/17
93,7616719,06/30/17,07/06/17
384,6534232,06/30/17,07/06/17
384,7616719,06/30/17,07/06/17
227,6534232,06/30/17,07/06/17
227,7616719,06/30/17,07/06/17
183,6534232,06/30/17,07/06/17
183,7616719,06/30/17,07/06/17
243,6534232,06/30/17,07/06/17
243,7616719,06/30/17,07/06/17
57,6534232,06/30/17,07/06/17
57,7616719,06/30/17,07/06/17
390,6534232,06/30/17,07/06/17
390,7616719,06/30/17,07/06/17
28,6534232,06/30/17,07/06/17
28,7616719,06/30/17,07/06/17
246,6534232,06/30/17,07/06/17
246,7616719,06/30/17,07/06/17
780,6534232,06/30/17,07/06/17
780,7616719,06/30/17,07/06/17
